comment_id,near_duplicate_cluster_id,near_duplicate_representative,platform_original,platform_canonical,source,url,date,provenance,entity_name_original,entity_name_canonical,entity_type,oem_group,speaker_role,raw_text,quality_flag,eligibility_reason,sentiment_eligible,topic_model_eligible,manual_review_required,review_selection_reason,reviewer_decision,corrected_speaker_role,corrected_sentiment_eligible,corrected_topic_model_eligible,reviewer_note
c_01d712f29dc747e72b89,,False,YouTube,YouTube,YouTube,,,direct_platform_export_unlinked,General,General/Industry,General/Industry,not_applicable,audience_user,100% analysis truth right thinking truth 100% truth,missing_source_information,generic_channel_praise,False,False,True,generic_channel_praise,,,,,
c_0400db8433b54a8208e8,ndc_30743f107b6eae,True,Team-BHP,Forum,Team-BHP,https://www.team-bhp.com/news/more-100-olectra-byd-electric-buses-now-operational,2019-03-06,ai_compiled_secondary,Olectra,Olectra Greentech,OEM,new_age,audience_user,Olectra-BYD electric buses are claimed to have clocked close to 6 lakh km in India. This translates to a reduction in carbon emissions.,near_duplicate_text,eligible,True,True,True,duplicate_cluster_representative;stratified_sample,,,,,
c_0495c9a4c121d897193d,,False,YouTube,YouTube,YouTube,,,direct_platform_export_unlinked,General,General/Industry,General/Industry,not_applicable,audience_user,"Do not give lame excuses.... Out politicians have enough time to INVOLVE Themselves INTO  CRICKET WHERE IT IS NOT THEIR FIELD ... BUT HERE THE POLITICIANS WILL NOT GAIN ANYTHING NEITHER MONEY NOR NAME... THEN WHY TO SPEND THIER ""'PRECIOUS MIND ON SUCH GOOD THINGS""",possible_off_topic_content;missing_source_information,clearly_off_topic,False,False,True,possible_off_topic_flag,,,,,
c_089cf1ba5c4a19fecf22,ndc_27b03ef5dfe1d6,True,Forum,Forum,Forum,https://www.reddit.com/r/electricvehicles/comments/16bkl7d/delhi_govt_officials_claims_that_delhi_now_has/,2023-09-06,ai_compiled_secondary,Tata,Tata Motors,OEM,legacy,audience_user,The Tata Urban 9/12m AC electric bus looks very futuristic and the ride is extremely silent.,near_duplicate_text,eligible,True,True,True,duplicate_cluster_representative;stratified_sample,,,,,
c_094804f0ef8ed3a2dafb,,False,YouTube,YouTube,YouTube,,,direct_platform_export_unlinked,General,General/Industry,General/Industry,not_applicable,audience_user,Good analysis ❤❤❤,very_short_text;missing_source_information,generic_channel_praise,False,False,True,generic_channel_praise;very_short_row,,,,,
c_0dc22849f1a34036a7ec,ndc_42fdfc722b0c6a,True,News Article,News/Media,News Article,https://www.electrive.com/2025/09/11/pmi-electro-mobility-starts-fulfilling-250-unit-electric-bus-order-in-mumbai/,2025-09-11,ai_compiled_secondary,PMI,PMI Electro,OEM,new_age,media_or_research,PMI buses have 36 passenger seats and are very silent on the road.,near_duplicate_text,eligible,True,True,True,duplicate_cluster_representative;stratified_sample,,,,,
c_1151bc78570b592c0ac1,,False,Reddit,Reddit,Reddit,https://www.reddit.com/r/delhi/comments/14l16ii/has_anyone_travelled_with_nuego_electric_bus_how/,2023-06-28,ai_compiled_secondary,JBM,JBM Auto,OEM,legacy,audience_user,I observed that jbm buses in delhi are much more comfortable than the old orange cluster buses.,none,eligible,True,True,False,stratified_sample,,,,,
c_12a6bf50e8b29ed6150b,ndc_02e046f3c883dd,True,Forum,Forum,Forum,https://www.reddit.com/r/electricvehicles/comments/16bkl7d/delhi_govt_officials_claims_that_delhi_now_has/,2023-09-06,ai_compiled_secondary,JBM,JBM Auto,OEM,legacy,audience_user,"I saw JBM electric buses being charged at the depot, the infrastructure looks very organized.",near_duplicate_text,eligible,True,True,True,duplicate_cluster_representative,,,,,
c_1313f5acd9d0e14809ab,,False,YouTube,YouTube,YouTube,,,direct_platform_export_unlinked,General,General/Industry,General/Industry,not_applicable,audience_user,Great video Jayant. Really insightful,missing_source_information,generic_channel_praise,False,False,True,generic_channel_praise,,,,,
c_170e0502e25c217b9365,,False,YouTube,YouTube,YouTube,,,direct_platform_export_unlinked,General,General/Industry,General/Industry,not_applicable,audience_user,English please,very_short_text;missing_source_information,generic_channel_praise,False,False,True,generic_channel_praise;very_short_row,,,,,
c_1bae7634868fe1c63a81,,False,YouTube,YouTube,YouTube,,,direct_platform_export_unlinked,General,General/Industry,General/Industry,not_applicable,audience_user,Very nice video. Many thanks for sharing such valuable information 🙏,missing_source_information,generic_channel_praise,False,False,True,generic_channel_praise,,,,,
c_1f97a54f2dd94122f6dd,ndc_bcdc33c1d8053d,True,YouTube,YouTube,YouTube,https://www.youtube.com/watch?v=m8LAOiqbeog,2022-03-25,ai_compiled_secondary,Olectra,Olectra Greentech,OEM,new_age,audience_user,Olectra K9 is a powerful EV bus with 241 HP. It feels very smooth and quiet compared to old diesels.,near_duplicate_text,eligible,True,True,True,duplicate_cluster_representative;stratified_sample,,,,,
c_206cb6c211a685a7b603,,False,YouTube,YouTube,YouTube,,,direct_platform_export_unlinked,General,General/Industry,General/Industry,not_applicable,audience_user,I selute you .sir for this knowledge . This  intelligent,missing_source_information,generic_channel_praise,False,False,True,generic_channel_praise,,,,,
c_27f2c18cd36a0c97c0c5,,False,Reddit,Reddit,Reddit,https://www.reddit.com/r/electricvehicles/comments/wrj2ay/switch_mobility_has_launched_its_double_decker/,2023-07-08,ai_compiled_secondary,Switch Mobility,Switch Mobility,OEM,new_age,audience_user,Switch Mobility has launched its Double Decker Bus in India. City range of upto 250km.,possible_promotional_text,eligible,True,True,True,promotional_flag;stratified_sample,,,,,
c_2ca7f135c8fdb998a5e8,ndc_7a528dc6253cba,True,Facebook Group,Facebook,Facebook Group,https://www.facebook.com/groups/795401114687142/posts/1797297961164114/,2025-07-18,ai_compiled_secondary,PMI,PMI Electro,OEM,new_age,audience_user,PMI Electro Urban AC Electric 12 meter low floor bus is a great addition to Mumbai's transport.,near_duplicate_text,eligible,True,True,True,duplicate_cluster_representative,,,,,
c_2d9f262981ee0487043a,ndc_134bc681bfb50c,False,Glassdoor/Forum,Review Platform,Glassdoor/Forum,https://forum.valuepickr.com/t/olectra-greentech-electric-bus-opportunity/72755?page=3,2021-12-02,ai_compiled_secondary,Olectra,Olectra Greentech,OEM,new_age,audience_user,I observed that olectra greentech has a work-life balance rating of 3.6. teething issues are behind and production is ramping up.,near_duplicate_text,near_duplicate_copy,False,False,False,stratified_sample,,,,,
c_2f36f91922596bab4f62,ndc_29ec0db09d713d,True,Team-BHP,Forum,Team-BHP,https://www.team-bhp.com/forum/commercial-vehicles/281013-intercity-electric-buses-review-nuego-mytrah-vs-ksrtc-olectra.html,2024-05-30,ai_compiled_secondary,Olectra,Olectra Greentech,OEM,new_age,audience_user,"The charging stop finally came to an end in 1hr 15mins which, in my view, is unacceptable time.",near_duplicate_text,eligible,True,True,True,duplicate_cluster_representative,,,,,
c_322824f018ebeddaa127,ndc_2ca770fb0c5ee5,True,LinkedIn,LinkedIn,LinkedIn,https://in.linkedin.com/company/pmi-electro-mobility,2023-07-08,ai_compiled_secondary,PMI,PMI Electro,OEM,new_age,media_or_research,PMI electric buses in Mumbai for BEST are helping cities breathe a little easier.,near_duplicate_text,eligible,True,True,True,duplicate_cluster_representative,,,,,
c_3ba003f505df00a657ee,ndc_86bc6b4fcee7c3,False,LinkedIn,LinkedIn,LinkedIn,https://www.linkedin.com/posts/humans-of-ev_pmielectro-electricbuses-evindia-activity-7411683517182648321-Eu17,2025-12-30,ai_compiled_secondary,PMI,PMI Electro,OEM,new_age,media_or_research,"User says: PMI Electro wins 5,210 e-bus orders. This will surely improve public transport in many cities.",near_duplicate_text,near_duplicate_copy,False,False,False,stratified_sample,,,,,
c_3dbd94b17f614c01aed2,,False,Team-BHP,Forum,Team-BHP,https://www.team-bhp.com/news/switch-mobility-launches-eiv-12-electric-bus-india,2022-06-14,ai_compiled_secondary,Switch Mobility,Switch Mobility,OEM,new_age,audience_user,Switch Mobility launches EiV 12 electric bus in India with a maximum range of 300 km per day.,possible_promotional_text,eligible,True,True,True,promotional_flag,,,,,
c_3e3948694f319a9bc07f,ndc_96bb3b0db368ee,True,Team-BHP,Forum,Team-BHP,https://www.team-bhp.com/forum/commercial-vehicles/261235-jbm-electric-buses-auto-expo-2023-a.html,2023-01-11,ai_compiled_secondary,JBM,JBM Auto,OEM,legacy,audience_user,"JBM displayed four vehicles - one school bus, one staff bus, one city bus, and one luxury coach.",near_duplicate_text,eligible,True,True,True,duplicate_cluster_representative,,,,,
c_41482aa6f693fb3c55f8,,False,Instagram,Instagram,Instagram,,,mixed_or_uncertain,NueGo,NueGo,Operator,not_applicable,audience_user,"Extremely disappointed with @nuegoindia. I was standing at the pickup point mentioned in my booking, but instead of guiding me properly, the bus staff refused to help. When I called and requested them to wait for just a minute while I reached the exact spot, they simply hung up the call without even listening to what I was saying.
This kind of behavior is completely unacceptable. Passengers rely on your staff for guidance during boarding, not to be ignored or disconnected. If this is the level of customer service NueGo provides, it seriously needs improvement. I hope someone from your team looks into this and ensures other passengers don't face the same experience. @nuegoindia",missing_source_information,eligible,True,True,False,stratified_sample,,,,,
c_42be40475d865f50a020,,False,YouTube,YouTube,YouTube,,,direct_platform_export_unlinked,General,General/Industry,General/Industry,not_applicable,audience_user,A video on agribusiness companies and agriculture business in india,missing_source_information,generic_channel_praise,False,False,True,generic_channel_praise,,,,,
c_43da812023270a4cbe98,ndc_2098971955020f,True,YouTube Comments,YouTube,YouTube Comments,https://www.youtube.com/watch?v=LzmJUsGznq0,2023-05-24,ai_compiled_secondary,Tata,Tata Motors,OEM,legacy,audience_user,The Tata Starbus Electric is a part of Tata Motors' commitment to sustainable transportation and reducing carbon emissions.,near_duplicate_text,eligible,True,True,True,duplicate_cluster_representative;stratified_sample,,,,,
c_474296636c62296fb428,,False,YouTube,YouTube,YouTube,,,direct_platform_export_unlinked,General,General/Industry,General/Industry,not_applicable,audience_user,Very good information.,missing_source_information,generic_channel_praise,False,False,True,generic_channel_praise,,,,,
c_4908e08822136effeb4a,ndc_aed52cb044f297,True,Team-BHP,Forum,Team-BHP,https://www.team-bhp.com/forum/commercial-vehicles/280091-nuego-electric-bus-service-review-bengaluru-chennai.html,2024-05-06,ai_compiled_secondary,NueGo,NueGo,Operator,not_applicable,audience_user,"Weekday AC seater fare was just Rs 524, including GST; To compare, a KSRTC Airavat AC starting at same time was around Rs 780.",near_duplicate_text,eligible,True,True,True,duplicate_cluster_representative,,,,,
c_4951df82ee62ef01913b,,False,YouTube,YouTube,YouTube,,,direct_platform_export_unlinked,General,General/Industry,General/Industry,not_applicable,audience_user,New knowledge new thinking new innovation .....that why old needs to upgrade,missing_source_information,generic_channel_praise,False,False,True,generic_channel_praise,,,,,
c_4c7b835d82a6c023f320,,False,YouTube,YouTube,YouTube,,,direct_platform_export_unlinked,General,General/Industry,General/Industry,not_applicable,audience_user,New perspective,very_short_text;missing_source_information,generic_channel_praise,False,False,True,generic_channel_praise;very_short_row,,,,,
c_4d59e48f58df17fe0e6d,ndc_b70356529f415a,False,MouthShut,Review Platform,MouthShut,https://www.mouthshut.com/product-reviews/tata-motors-ltd-reviews-925099295,2026-06-17,ai_compiled_secondary,Tata,Tata Motors,OEM,legacy,audience_user,User says: Tata Motors is best motor company and it provide best service to customers. The price is affordable to the people.,near_duplicate_text,near_duplicate_copy,False,False,False,stratified_sample,,,,,
c_4f8d8956411794461ca6,,False,Instagram,Instagram,Instagram,,,mixed_or_uncertain,Tata Motors,Tata Motors,OEM,legacy,audience_user,"Hey Team Tata Motors, I have reached out in your DMs with some details and am waiting for a response. Please have your team take a look! 👍""Team",missing_source_information,eligible,True,True,False,stratified_sample,,,,,
c_504382c38e86033666eb,ndc_e6faeda9cb66ed,True,Team-BHP,Forum,Team-BHP,https://www.team-bhp.com/forum/commercial-vehicles/280091-nuego-electric-bus-service-review-bengaluru-chennai.html,2024-05-06,ai_compiled_secondary,NueGo,NueGo,Operator,not_applicable,audience_user,The AC was switched on and the cool air inside the bus was so welcome after that 10-minute walk.,near_duplicate_text,eligible,True,True,True,duplicate_cluster_representative,,,,,
c_5291577b2ae9be145001,ndc_59a4df7f5e22ec,True,Team-BHP,Forum,Team-BHP,https://www.team-bhp.com/forum/commercial-vehicles/281013-intercity-electric-buses-review-nuego-mytrah-vs-ksrtc-olectra.html,2024-05-30,ai_compiled_secondary,NueGo,NueGo,Operator,not_applicable,audience_user,NueGo is only service where I've been charged 12% GST instead of 5%. Why?,near_duplicate_text,eligible,True,True,True,duplicate_cluster_representative,,,,,
c_52c07e9f160ab33c6bce,ndc_ed3795b7705f8e,True,MouthShut,Review Platform,MouthShut,https://www.mouthshut.com/product-reviews/tata-nexon-ev-reviews-926008073,2026-01-21,ai_compiled_secondary,Tata,Tata Motors,OEM,legacy,audience_user,"The new Tata Starbus EV comes with its own set of features and modern tech, but the range and charging speeds are what impresses me.",near_duplicate_text,eligible,True,True,True,duplicate_cluster_representative,,,,,
c_551004249edb83e32bf5,,False,YouTube,YouTube,YouTube,,,direct_platform_export_unlinked,General,General/Industry,General/Industry,not_applicable,audience_user,Bad investment .,very_short_text;missing_source_information,very_short_topic_ineligible,True,False,True,very_short_row,,,,,
c_58e957177cb7c238b4fe,,False,YouTube,YouTube,YouTube,,,direct_platform_export_unlinked,General,General/Industry,General/Industry,not_applicable,audience_user,china is winning,very_short_text;missing_source_information,very_short_topic_ineligible,True,False,True,very_short_row,,,,,
c_59483a2f6391e2efe7ea,,False,YouTube,YouTube,YouTube,,,direct_platform_export_unlinked,General,General/Industry,General/Industry,not_applicable,creator_or_brand,"Hi all, your anchor here. Do share all the feedback and love! What you liked. What you did not like. Everything! What topics would you want me to cover in the coming times? Those things too. Eagerly looking forward to hearing from all here <3",missing_source_information,creator_or_brand,False,False,True,creator_or_brand_flag,,,,,
c_59c73c9a166fed9ddfc7,,False,YouTube,YouTube,YouTube,,,direct_platform_export_unlinked,General,General/Industry,General/Industry,not_applicable,audience_user,Fail strategy...😂😂😂😂,very_short_text;missing_source_information,generic_channel_praise,False,False,True,generic_channel_praise;very_short_row,,,,,
c_602b0ae14ea6e4ae0323,,False,YouTube,YouTube,YouTube,,,direct_platform_export_unlinked,General,General/Industry,General/Industry,not_applicable,audience_user,Loot & Scoot,very_short_text;missing_source_information,very_short_topic_ineligible,True,False,True,very_short_row,,,,,
c_665ee127f301a88dd1fa,ndc_8150e69723aefe,True,Team-BHP,Forum,Team-BHP,https://www.team-bhp.com/forum/commercial-vehicles/280091-nuego-electric-bus-service-review-bengaluru-chennai.html,2024-05-07,ai_compiled_secondary,NueGo,NueGo,Operator,not_applicable,audience_user,"I think the biggest problem is charging infrastructure, if that is resolved, I think many commuters will opt for these buses.",near_duplicate_text,eligible,True,True,True,duplicate_cluster_representative;stratified_sample,,,,,
c_67436f4ba3719a795d7d,ndc_1de610ac1d1e77,True,Team-BHP,Forum,Team-BHP,https://www.team-bhp.com/forum/commercial-vehicles/280091-nuego-electric-bus-service-review-bengaluru-chennai.html,2024-05-06,ai_compiled_secondary,NueGo,NueGo,Operator,not_applicable,audience_user,I felt the seats were thinner compared to the Volvo busses. But the recline was excellent and it was comfortable.,near_duplicate_text,eligible,True,True,True,duplicate_cluster_representative,,,,,
c_6baea38a95f738ddcb39,ndc_0e310357e947fb,True,Quora/LinkedIn,LinkedIn,Quora/LinkedIn,https://www.quora.com/Which-Indian-company-has-an-electric-bus,2023-07-08,ai_compiled_secondary,PMI,PMI Electro,OEM,new_age,media_or_research,"PMI is now the second largest electric bus brand in India. They have 3,000+ buses on the road.",near_duplicate_text,eligible,True,True,True,duplicate_cluster_representative,,,,,
c_71b0026ed63ecdeb02c7,ndc_134bc681bfb50c,True,Glassdoor/Forum,Review Platform,Glassdoor/Forum,https://forum.valuepickr.com/t/olectra-greentech-electric-bus-opportunity/72755?page=3,2021-12-02,ai_compiled_secondary,Olectra,Olectra Greentech,OEM,new_age,audience_user,Olectra Greentech has a work-life balance rating of 3.6. Teething issues are behind and production is ramping up.,near_duplicate_text,eligible,True,True,True,duplicate_cluster_representative,,,,,
c_739a3154c28d55ffb716,ndc_9dce4e4680c0c8,True,Team-BHP,Forum,Team-BHP,https://www.team-bhp.com/forum/commercial-vehicles/280091-nuego-electric-bus-service-review-bengaluru-chennai.html,2024-05-06,ai_compiled_secondary,NueGo,NueGo,Operator,not_applicable,audience_user,"Ride quality was comparable to a Volvo ICE bus, nothing superior.",near_duplicate_text,eligible,True,True,True,duplicate_cluster_representative,,,,,
c_75f386a7553466c36584,,False,YouTube,YouTube,YouTube,,,direct_platform_export_unlinked,General,General/Industry,General/Industry,not_applicable,audience_user,"Informative video, thanks 💐",missing_source_information,generic_channel_praise,False,False,True,generic_channel_praise,,,,,
c_76720bcc01a31a9de205,,False,YouTube,YouTube,YouTube,,,direct_platform_export_unlinked,General,General/Industry,General/Industry,not_applicable,audience_user,"Maybe its another scam to create black money and give kickbacks to government officials and Politicians,  as the funds required must be arranged through loans from our savings/FDs/Taxes. If this model fails, our money will be lost, not Government or Olectra,VDL, etc😂",possible_promotional_text;missing_source_information,eligible,True,True,True,promotional_flag,,,,,
c_7692c7e256d233231a4f,ndc_7f501edba961ea,True,MouthShut,Review Platform,MouthShut,https://www.mouthshut.com/product-reviews/nuego-reviews-926149446,2026-07-03,ai_compiled_secondary,NueGo,NueGo,Operator,not_applicable,audience_user,Bus conductor stopped bus 1 hr for luggage booking . Not interested in passengers.,near_duplicate_text,eligible,True,True,True,duplicate_cluster_representative,,,,,
c_7dcb5b4f97ee5b1cd32e,ndc_0d9f7dc2eabf5a,True,Instagram,Instagram,Instagram,https://www.instagram.com/p/DaNyM-3y2wz/,2026-06-30,mixed_or_uncertain,Olectra,Olectra Greentech,OEM,new_age,creator_or_brand,Every ride on an Olectra electric bus is a vote for cleaner air and healthier cities.,near_duplicate_text,creator_or_brand,False,False,True,creator_or_brand_flag;duplicate_cluster_representative,,,,,
c_806e62737160fad0fa4a,ndc_33eb012cf5dc45,True,MouthShut,Review Platform,MouthShut,https://www.mouthshut.com/product-reviews/nuego-reviews-926149446,2026-06-19,ai_compiled_secondary,NueGo,NueGo,Operator,not_applicable,audience_user,"Our tickets showed seats in the 11th row, but the bus had only 10 rows. When we informed the conductor about this problem, he responded rudely.",near_duplicate_text,eligible,True,True,True,duplicate_cluster_representative,,,,,
c_8499cb3cc52fe638bda9,,False,YouTube,YouTube,YouTube,,,direct_platform_export_unlinked,General,General/Industry,General/Industry,not_applicable,audience_user,Wall explainer,very_short_text;missing_source_information,generic_channel_praise,False,False,True,generic_channel_praise;very_short_row,,,,,
c_85099cad6b77d1fad6fe,ndc_b9b201bdb3d2d4,True,Reddit,Reddit,Reddit,https://www.reddit.com/r/electricvehicles/comments/16bkl7d/delhi_govt_officials_claims_that_delhi_now_has/,2023-09-06,ai_compiled_secondary,Tata,Tata Motors,OEM,legacy,audience_user,Tata's EV battery technology seems robust for Indian heat conditions compared to some smaller brands.,near_duplicate_text,eligible,True,True,True,duplicate_cluster_representative,,,,,
c_8b1f145f335a1f732b62,,False,YouTube,YouTube,YouTube,,,direct_platform_export_unlinked,General,General/Industry,General/Industry,not_applicable,audience_user,Thankyou so much for the video,missing_source_information,generic_channel_praise,False,False,True,generic_channel_praise,,,,,
c_8c590d5f01ce07da626d,ndc_0464b17841508f,True,MouthShut,Review Platform,MouthShut,https://www.mouthshut.com/product-reviews/nuego-reviews-926149446,2026-06-19,ai_compiled_secondary,NueGo,NueGo,Operator,not_applicable,audience_user,"I canceled the ticket within half an hour, but no refund was given, when I asked about the refund the concerned person informed that no refund will be allowed.",near_duplicate_text,eligible,True,True,True,duplicate_cluster_representative,,,,,
c_91256bcbac95aaaf3c88,ndc_42e402a2c5a801,True,Team-BHP,Forum,Team-BHP,https://www.team-bhp.com/forum/commercial-vehicles/261235-jbm-electric-buses-auto-expo-2023-a.html,2023-01-11,ai_compiled_secondary,JBM,JBM Auto,OEM,legacy,audience_user,The Galaxy luxury coach from JBM looks very premium. Ultra fast charging takes under 1 hour.,near_duplicate_text,eligible,True,True,True,duplicate_cluster_representative,,,,,
c_93685a8fd54658c24376,ndc_b082e08b9e8f3a,True,MouthShut,Review Platform,MouthShut,https://www.mouthshut.com/product-reviews/nuego-reviews-926149446,2026-06-18,ai_compiled_secondary,NueGo,NueGo,Operator,not_applicable,audience_user,"Staff not good . I booked no- 1 seat but when in was enter into the bus , staff say u can sit in another seat . Bullshit bus and staff.",near_duplicate_text,eligible,True,True,True,duplicate_cluster_representative,,,,,
c_94756f39ff862d6f661e,ndc_965f855c1111d5,True,News/Ratings,Review Platform,News/Ratings,https://www.careratings.com/upload/CompanyFiles/PR/202604150403_PMI_Electro_Mobility_Solutions_Private_Limited.pdf,2026-04-08,ai_compiled_secondary,PMI,PMI Electro,OEM,new_age,audience_user,PMI Electro is an OEM engaged in manufacturing electric buses from its unit at Dharuhera.,near_duplicate_text,eligible,True,True,True,duplicate_cluster_representative,,,,,
c_98658398870d02d0935b,ndc_2f76fc8bd69c54,True,Reddit,Reddit,Reddit,https://www.reddit.com/r/delhi/comments/14l16ii/has_anyone_travelled_with_nuego_electric_bus_how/,2023-06-28,ai_compiled_secondary,NueGo,NueGo,Operator,not_applicable,audience_user,I'm planning to go from Delhi to Jaipur on 29 is it comfortable with the battery as it is electric specially as it is rainy weather.,near_duplicate_text,eligible,True,True,True,duplicate_cluster_representative;stratified_sample,,,,,
c_9a46e91472abb8facab2,,False,YouTube,YouTube,YouTube,,,direct_platform_export_unlinked,General,General/Industry,General/Industry,not_applicable,audience_user,Good content. Great pitch.,missing_source_information,generic_channel_praise,False,False,True,generic_channel_praise,,,,,
c_9bfa31cb60b967ebe492,,False,YouTube,YouTube,YouTube,,,direct_platform_export_unlinked,General,General/Industry,General/Industry,not_applicable,audience_user,Super knowledge we added,missing_source_information,generic_channel_praise,False,False,True,generic_channel_praise,,,,,
c_9dea76f3b4c33ed41803,ndc_9b343f459f47ec,True,Team-BHP,Forum,Team-BHP,https://www.team-bhp.com/forum/commercial-vehicles/280091-nuego-electric-bus-service-review-bengaluru-chennai.html,2024-05-07,ai_compiled_secondary,NueGo,NueGo,Operator,not_applicable,audience_user,On the Hyd-Vjwd route there is a compulsory bus charging halt and there was a power cut and a number of buses were waiting in queue.,near_duplicate_text,eligible,True,True,True,duplicate_cluster_representative,,,,,
c_9eab4c96184cd8e399f8,ndc_86bc6b4fcee7c3,True,LinkedIn,LinkedIn,LinkedIn,https://www.linkedin.com/posts/humans-of-ev_pmielectro-electricbuses-evindia-activity-7411683517182648321-Eu17,2025-12-30,ai_compiled_secondary,PMI,PMI Electro,OEM,new_age,media_or_research,"PMI Electro wins 5,210 e-bus orders. This will surely improve public transport in many cities.",near_duplicate_text,eligible,True,True,True,duplicate_cluster_representative,,,,,
c_9f3c3bca3177fcf048dc,ndc_6833e9dfbaf0d6,True,MouthShut,Review Platform,MouthShut,https://www.mouthshut.com/product-reviews/nuego-reviews-926149446,2026-06-01,ai_compiled_secondary,NueGo,NueGo,Operator,not_applicable,audience_user,"After sweating for 2 hours, the bus reported at 10:00 am and by the time it left Chandigarh it was 11:15 am.",near_duplicate_text,eligible,True,True,True,duplicate_cluster_representative,,,,,
c_9fe87c0a34766ea52a01,ndc_0b5511bc1f4634,True,MouthShut,Review Platform,MouthShut,https://www.mouthshut.com/product-reviews/nuego-reviews-926149446,2026-06-09,ai_compiled_secondary,NueGo,NueGo,Operator,not_applicable,audience_user,"The bus was very uncomfortable. The AC was not working properly, it was too hot inside, and the seats were not comfortable.",near_duplicate_text,eligible,True,True,True,duplicate_cluster_representative,,,,,
c_a313c21e91b97574e97f,,False,YouTube,YouTube,YouTube,,,direct_platform_export_unlinked,General,General/Industry,General/Industry,not_applicable,audience_user,Amazing video jayant sir and the team.,missing_source_information,generic_channel_praise,False,False,True,generic_channel_praise,,,,,
c_a3423bd3b070391b4851,ndc_d6db1ee69bd1e0,True,Team-BHP,Forum,Team-BHP,https://www.team-bhp.com/forum/commercial-vehicles/280091-nuego-electric-bus-service-review-bengaluru-chennai.html,2024-05-06,ai_compiled_secondary,NueGo,NueGo,Operator,not_applicable,audience_user,The novelty would soon wear off and they would be compared with other ICE operators. They need to pull up their socks.,near_duplicate_text,eligible,True,True,True,duplicate_cluster_representative,,,,,
c_a561b879acbb3decc0a5,,False,YouTube,YouTube,YouTube,,,direct_platform_export_unlinked,General,General/Industry,General/Industry,not_applicable,audience_user,Nice information,very_short_text;missing_source_information,generic_channel_praise,False,False,True,generic_channel_praise;very_short_row,,,,,
c_a6c1e2af2a5fab483aa2,ndc_053d31f4764047,True,Team-BHP,Forum,Team-BHP,https://www.team-bhp.com/forum/commercial-vehicles/261235-jbm-electric-buses-auto-expo-2023-a.html,2023-01-11,ai_compiled_secondary,JBM,JBM Auto,OEM,legacy,audience_user,JBM Eco-Life city bus can seat 72 passengers and has a pneumatically operated wheelchair ramp.,near_duplicate_text,eligible,True,True,True,duplicate_cluster_representative,,,,,
c_a8a8b6b376ce0e37057d,,False,YouTube,YouTube,YouTube,,,direct_platform_export_unlinked,General,General/Industry,General/Industry,not_applicable,audience_user,Good knowledge,very_short_text;missing_source_information,generic_channel_praise,False,False,True,generic_channel_praise;very_short_row,,,,,
c_a9283b1b7d8131471482,ndc_b1030fa9abeaa8,True,Team-BHP,Forum,Team-BHP,https://www.team-bhp.com/forum/commercial-vehicles/261235-jbm-electric-buses-auto-expo-2023-a.html,2023-01-11,ai_compiled_secondary,JBM,JBM Auto,OEM,legacy,audience_user,JBM e-Skoolife has air suspension and all round disc brakes. Range of 300 km is impressive.,near_duplicate_text,eligible,True,True,True,duplicate_cluster_representative,,,,,
c_aa92eab9962e0e36879c,,False,Instagram,Instagram,Instagram,,,mixed_or_uncertain,NueGo,NueGo,Operator,not_applicable,unknown,"The service is terrible. You get a message just 20 minutes before departure saying the bus won't come, and the refund takes 6-7 days to process-it is such a lousy service.",missing_source_information,eligible,True,True,True,unknown_speaker_role,,,,,
c_af3fd9a645220010add6,,False,YouTube,YouTube,YouTube,,,direct_platform_export_unlinked,General,General/Industry,General/Industry,not_applicable,audience_user,Very well crafted Video. Loved it.,missing_source_information,generic_channel_praise,False,False,True,generic_channel_praise,,,,,
c_b723d3fde41c10ba2853,ndc_1e4ca3933b1af0,True,MouthShut,Review Platform,MouthShut,https://www.mouthshut.com/product-reviews/nuego-reviews-926149446,2026-06-06,ai_compiled_secondary,NueGo,NueGo,Operator,not_applicable,audience_user,"Driver is not picking phone, and customer care have no answer on when the bus will move from origin.",near_duplicate_text,eligible,True,True,True,duplicate_cluster_representative,,,,,
c_b82cb36cf607e8381753,,False,YouTube,YouTube,YouTube,,,direct_platform_export_unlinked,General,General/Industry,General/Industry,not_applicable,audience_user,Very good knowledge i catch sir . Really very good,missing_source_information,generic_channel_praise,False,False,True,generic_channel_praise,,,,,
c_bd9ca5f9da7f0a62610a,ndc_b47636f3735e11,True,Team-BHP,Forum,Team-BHP,https://www.team-bhp.com/forum/commercial-vehicles/281013-intercity-electric-buses-review-nuego-mytrah-vs-ksrtc-olectra.html,2024-05-30,ai_compiled_secondary,Olectra,Olectra Greentech,OEM,new_age,audience_user,"Ride quality was brilliant, aircon was tops, and the ottoman seats made by Harita were quite impressive.",near_duplicate_text,eligible,True,True,True,duplicate_cluster_representative,,,,,
c_be30a5ae4d26ea8f4999,,False,YouTube,YouTube,YouTube,,,direct_platform_export_unlinked,General,General/Industry,General/Industry,not_applicable,audience_user,"LAST YEAR Himachal road transport corporation done tender of 297 ev buses With the help of NABARD. So , initially when tender got open that time olectra , switch mobility participate that time . And Olectra wins that tender. Now the issue is it's almost 6-8 month went and still state govt received only 1 electric buses for trial .  And the issue they told to govt officials is due to issue in BETTERY supply form china BYD. Now , we need to understand is it good to contract these type of company. MSRTC  also face the same situation in recent time where 5,000 electric buses tender owned by OLECTRA but with in 1.5 year they only got 100-150 buses only . And one more question why FAME phase 1,2 only  for urban cities why can't centre govt work on tier 2 tier 3 cities also",possible_promotional_text;missing_source_information,eligible,True,True,True,promotional_flag,,,,,
c_c13622bae37ffa108818,ndc_0d9f7dc2eabf5a,False,Instagram,Instagram,Instagram,https://www.instagram.com/p/DaNyM-3y2wz/,2026-06-30,mixed_or_uncertain,Olectra,Olectra Greentech,OEM,new_age,audience_user,User says: Every ride on an Olectra electric bus is a vote for cleaner air and healthier cities.,near_duplicate_text,near_duplicate_copy,False,False,False,stratified_sample,,,,,
c_c28616d295eff8a56b6a,,False,YouTube,YouTube,YouTube,,,direct_platform_export_unlinked,General,General/Industry,General/Industry,not_applicable,audience_user,That yawn was lit 😂,very_short_text;missing_source_information,generic_channel_praise,False,False,True,generic_channel_praise;very_short_row,,,,,
c_c342ed7daed17902aa9d,,False,YouTube,YouTube,YouTube,,,direct_platform_export_unlinked,General,General/Industry,General/Industry,not_applicable,audience_user,​ @ccviralvideo2023 English sub titles will serve the purpose.,missing_source_information,generic_channel_praise,False,False,True,generic_channel_praise,,,,,
c_c4467ab036eea96207b8,ndc_3554b860b6d8e0,True,Team-BHP,Forum,Team-BHP,https://www.team-bhp.com/forum/commercial-vehicles/280091-nuego-electric-bus-service-review-bengaluru-chennai.html,2024-05-07,ai_compiled_secondary,NueGo,NueGo,Operator,not_applicable,audience_user,The fare though dynamic is generally around 60% of State Transport Volvo buses and take approx. 45min-1 hrs more to complete journey.,near_duplicate_text,eligible,True,True,True,duplicate_cluster_representative,,,,,
c_c7c41c7ca25c67209ee7,ndc_3ecda2d09f6016,True,MouthShut,Review Platform,MouthShut,https://www.mouthshut.com/product-reviews/nuego-reviews-926149446,2026-06-04,ai_compiled_secondary,NueGo,NueGo,Operator,not_applicable,audience_user,"If the company expects passengers to accommodate its delays, it should also show a reasonable level of flexibility toward its customers.",near_duplicate_text,eligible,True,True,True,duplicate_cluster_representative,,,,,
c_c9111e010cb9b63dafe4,ndc_b70356529f415a,True,MouthShut,Review Platform,MouthShut,https://www.mouthshut.com/product-reviews/tata-motors-ltd-reviews-925099295,2026-06-17,ai_compiled_secondary,Tata,Tata Motors,OEM,legacy,audience_user,Tata Motors is best motor company and it provide best service to customers. The price is affordable to the people.,near_duplicate_text,eligible,True,True,True,duplicate_cluster_representative,,,,,
c_c97ec763bc9bfa50f8ba,,False,Facebook,Facebook,Facebook,https://www.facebook.com/pageGaganChoudhary/posts/pmi-is-an-electric-bus-manufacturer-based-out-of-dharuhera-india-just-like-most-/773507731041347/,2023-07-08,ai_compiled_secondary,EKA Mobility,EKA Mobility,OEM,new_age,audience_user,EKA E9 is described as a clean and efficient public transport for markets like India.,none,eligible,True,True,False,stratified_sample,,,,,
c_ca5583a8853fc054fa41,ndc_bafe7ec587d35a,True,Team-BHP,Forum,Team-BHP,https://www.team-bhp.com/forum/commercial-vehicles/280091-nuego-electric-bus-service-review-bengaluru-chennai.html,2024-05-06,ai_compiled_secondary,NueGo,NueGo,Operator,not_applicable,audience_user,There were a lot of squeaking noises and one particular flapping noise inside which somewhat negated the lack of engine noise.,near_duplicate_text,eligible,True,True,True,duplicate_cluster_representative,,,,,
c_cb1edf2ff1bbb68202e5,ndc_d0d07f3c319db9,True,Team-BHP,Forum,Team-BHP,https://www.team-bhp.com/forum/commercial-vehicles/281013-intercity-electric-buses-review-nuego-mytrah-vs-ksrtc-olectra.html,2024-05-30,ai_compiled_secondary,Olectra,Olectra Greentech,OEM,new_age,audience_user,"Too many nuisance audio alarms - pedestrian warning, unsafe following distance, driver distraction, lane departure warning.",near_duplicate_text,eligible,True,True,True,duplicate_cluster_representative,,,,,
c_d02999e9b78760a86aaa,ndc_127ca8132d3095,True,Reddit,Reddit,Reddit,https://www.reddit.com/r/TransitIndia/comments/1kdrp0x/eka_mobilitys_12m_ac_ev_bus/,2025-05-03,ai_compiled_secondary,Tata,Tata Motors,OEM,legacy,audience_user,"TATA, JBM, and Eka Mobility all have proper 12m/9m low-floor AC electric buses and they actually look modern and well-designed too.",near_duplicate_text,eligible,True,True,True,duplicate_cluster_representative,,,,,
c_d0970323e41579314e63,ndc_805e05706ecede,True,Team-BHP,Forum,Team-BHP,https://www.team-bhp.com/forum/commercial-vehicles/281013-intercity-electric-buses-review-nuego-mytrah-vs-ksrtc-olectra-2.html,2024-06-01,ai_compiled_secondary,Olectra,Olectra Greentech,OEM,new_age,audience_user,My experience on these three journeys was quite as you have mentioned except that ride quality wise Mytrah = Volvo but Olectra was nowhere as good.,near_duplicate_text,eligible,True,True,True,duplicate_cluster_representative,,,,,
c_d320639fe2bffdaf7306,ndc_ef776026c9869b,True,MouthShut,Review Platform,MouthShut,https://www.mouthshut.com/product-reviews/nuego-reviews-926149446,2026-06-29,ai_compiled_secondary,NueGo,NueGo,Operator,not_applicable,audience_user,NueGo Pondicherry bus is clean but it is ALWAYS late. Sometimes even 30-40 mins late.,near_duplicate_text,eligible,True,True,True,duplicate_cluster_representative,,,,,
c_d5883bb913c6007cf832,ndc_9eb553b14325d9,True,MouthShut,Review Platform,MouthShut,https://www.mouthshut.com/product-reviews/nuego-reviews-926149446,2026-06-19,ai_compiled_secondary,NueGo,NueGo,Operator,not_applicable,audience_user,"The bus conductor/manager told us to come to Ashram Chowk instead, which was around 56 km away.",near_duplicate_text,eligible,True,True,True,duplicate_cluster_representative,,,,,
c_d7b79149b1af7344eb99,,False,YouTube,YouTube,YouTube,,,direct_platform_export_unlinked,General,General/Industry,General/Industry,not_applicable,audience_user,Good information,very_short_text;missing_source_information,generic_channel_praise,False,False,True,generic_channel_praise;very_short_row,,,,,
c_d9c4a10b0675431a716f,ndc_0a1ec396d3180a,True,Facebook,Facebook,Facebook,https://www.facebook.com/groups/795401114687142/posts/1797297961164114/,2025-07-18,ai_compiled_secondary,PMI,PMI Electro,OEM,new_age,audience_user,The low floor design of PMI buses makes it very easy for elderly people to board.,near_duplicate_text,eligible,True,True,True,duplicate_cluster_representative,,,,,
c_dc77d68f6c665e08f2d5,,False,Reddit,Reddit,Reddit,https://www.reddit.com/r/electricvehicles/comments/16bkl7d/delhi_govt_officials_claims_that_delhi_now_has/,2023-09-06,ai_compiled_secondary,General,General/Industry,General/Industry,not_applicable,audience_user,Delhi government has had one of the best EV policy in the country for public transport.,none,eligible,True,True,False,stratified_sample,,,,,
c_ddc0fb4d16c1599c4141,ndc_52eeff8d880ae9,True,Team-BHP,Forum,Team-BHP,https://www.team-bhp.com/forum/commercial-vehicles/261235-jbm-electric-buses-auto-expo-2023-a.html,2023-01-11,ai_compiled_secondary,JBM,JBM Auto,OEM,legacy,audience_user,"I have seen alot of JBM electric buses around Delhi. They aren't as present in east and west delhi but, they're running in North and South Delhi.",near_duplicate_text,eligible,True,True,True,duplicate_cluster_representative,,,,,
c_e0db9a146f9500ace6be,,False,YouTube,YouTube,YouTube,,,direct_platform_export_unlinked,General,General/Industry,General/Industry,not_applicable,audience_user,Loved your insights.. delightful to hear the perspective..,missing_source_information,generic_channel_praise,False,False,True,generic_channel_praise,,,,,
c_e4af2a0a01870b327ea7,,False,YouTube,YouTube,YouTube,,,direct_platform_export_unlinked,General,General/Industry,General/Industry,not_applicable,audience_user,​ @Vlogs_Dharma  I think 💬🫡🇮🇳🔊 There is a need for a dedicated EV Bus 🚍🚎 Transit system in Delhi-Mumbai and all over India. In which only EV buses will run and no other vehicle will run... To reduce pollution.. & if this is possible then why can't India do it 🇮🇳🫡. If EV buses are charged with solar electricity ⚡💚 then it will be fine 😅. 🫡🇮🇳,missing_source_information,eligible,True,True,False,stratified_sample,,,,,
c_ea935340beb159fd5c1b,,False,YouTube,YouTube,YouTube,,,direct_platform_export_unlinked,General,General/Industry,General/Industry,not_applicable,audience_user,JBM is smartest,very_short_text;missing_source_information,very_short_topic_ineligible,True,False,True,very_short_row,,,,,
c_ebcd35c353ad0932cac6,ndc_00ea7ca0d46ea1,True,YouTube,YouTube,YouTube,https://www.youtube.com/watch?v=QWbcUMr30Q8,2022-07-08,ai_compiled_secondary,Tata,Tata Motors,OEM,legacy,audience_user,"Tata Starbus EV has a range of 250 km on single charge, which is perfect for city routes in Delhi.",near_duplicate_text,eligible,True,True,True,duplicate_cluster_representative,,,,,
c_ec4edcdf7d2c593f156a,ndc_7e53ea63147a36,True,MouthShut,Review Platform,MouthShut,https://www.mouthshut.com/product-reviews/tata-electric-cars-reviews-926008080,2026-06-08,ai_compiled_secondary,Tata,Tata Motors,OEM,legacy,audience_user,Low cost and maintenance and also its zero emissions and also its environmentally friendly and also they make no noise.,near_duplicate_text,eligible,True,True,True,duplicate_cluster_representative,,,,,
c_ecfdb2eb8b9ff45869d7,,False,YouTube,YouTube,YouTube,,,direct_platform_export_unlinked,General,General/Industry,General/Industry,not_applicable,audience_user,"Hi Jayant Sir, love your content 👌🏽there was a lot of noise about Donut Battery during CES 2026 in January. The claims they made were revolutionary and would practically solve all drawbacks that EV batteries have today. Donut Battery would either be the revolution for EVs or the biggest scam. They have launched bikes on pre order on their website, but not much in news post CES 2026. A deep dive on that would be great.",possible_promotional_text;missing_source_information,eligible,True,True,True,promotional_flag,,,,,
c_edf7eac6f32a5661d379,ndc_c6e24c093cb289,True,Reddit,Reddit,Reddit,https://www.reddit.com/r/delhi/comments/14l16ii/has_anyone_travelled_with_nuego_electric_bus_how/,2023-06-28,ai_compiled_secondary,NueGo,NueGo,Operator,not_applicable,audience_user,"Seats comfortable, timings super-bad! False claims! They lured me into taking the bus by saying it will take 4 hours but it took much longer.",near_duplicate_text,eligible,True,True,True,duplicate_cluster_representative,,,,,
c_ef0ac4eef75a9f45c12e,ndc_5c252a6a165849,True,Forum,Forum,Forum,https://www.reddit.com/r/electricvehicles/comments/16bkl7d/delhi_govt_officials_claims_that_delhi_now_has/,2023-09-06,ai_compiled_secondary,JBM,JBM Auto,OEM,legacy,audience_user,"The pickup of JBM electric buses is very smooth, no jerky gear changes.",near_duplicate_text,eligible,True,True,True,duplicate_cluster_representative,,,,,
c_f0cf34ed78ea396a29d5,ndc_7d4ac0552ce55b,True,MouthShut,Review Platform,MouthShut,https://www.mouthshut.com/product-reviews/nuego-reviews-926149446,2026-06-03,ai_compiled_secondary,NueGo,NueGo,Operator,not_applicable,audience_user,"My luggage issue has been unresolved for over 20 days despite multiple calls, emails, and repeated assurances.",near_duplicate_text,eligible,True,True,True,duplicate_cluster_representative,,,,,
c_f16412072627b405f158,ndc_6759abae0e96a1,True,Team-BHP,Forum,Team-BHP,https://www.team-bhp.com/forum/commercial-vehicles/280091-nuego-electric-bus-service-review-bengaluru-chennai.html,2024-05-06,ai_compiled_secondary,NueGo,NueGo,Operator,not_applicable,audience_user,The bus stopped for almost an hour here. Technically 55 is '30+ minutes' but it could have been better informed.,near_duplicate_text,eligible,True,True,True,duplicate_cluster_representative,,,,,
c_f29b36ac384039221c42,,False,YouTube,YouTube,YouTube,,,direct_platform_export_unlinked,General,General/Industry,General/Industry,not_applicable,audience_user,Terrific topic with excellent information😊,missing_source_information,generic_channel_praise,False,False,True,generic_channel_praise,,,,,
c_f46234ef2b780f2d5df3,ndc_218ef7ee6fc56a,True,Team-BHP,Forum,Team-BHP,https://www.team-bhp.com/forum/commercial-vehicles/280091-nuego-electric-bus-service-review-bengaluru-chennai.html,2024-05-06,ai_compiled_secondary,NueGo,NueGo,Operator,not_applicable,audience_user,"Ironically, there was a power cut at the charging station, and the DG sets were running on full steam. So much for sustainable clean energy.",near_duplicate_text,eligible,True,True,True,duplicate_cluster_representative,,,,,
c_f90ded9f8e8973d60b0d,ndc_29c8b44301d5ae,True,MouthShut,Review Platform,MouthShut,https://www.mouthshut.com/product-reviews/nuego-reviews-926149446,2026-06-24,ai_compiled_secondary,NueGo,NueGo,Operator,not_applicable,audience_user,"Very poor service is provided to their customers in which if they are even a minute late in reaching the destination, they drive away.",near_duplicate_text,eligible,True,True,True,duplicate_cluster_representative,,,,,
c_fbfa2cf0a4d3cb53cc4d,ndc_edcc6cf5296529,True,MouthShut,Review Platform,MouthShut,https://www.mouthshut.com/product-reviews/nuego-reviews-926149446,2026-06-19,ai_compiled_secondary,NueGo,NueGo,Operator,not_applicable,audience_user,The bus number plate did not match the details on our ticket. Conductor insisted it was the correct bus.,near_duplicate_text,eligible,True,True,True,duplicate_cluster_representative;stratified_sample,,,,,
c_fc583201240131282d6a,ndc_a0484400f8d1c8,True,MouthShut,Review Platform,MouthShut,https://www.mouthshut.com/product-reviews/nuego-reviews-926149446,2026-06-01,ai_compiled_secondary,NueGo,NueGo,Operator,not_applicable,audience_user,"I had booked my seat for Chandigarh Delhi Journey. Even by paying higher amount, seat was blocked.",near_duplicate_text,eligible,True,True,True,duplicate_cluster_representative,,,,,
c_fdc7c5055f0f142a6be3,ndc_c6a526a67d618b,True,Forum,Forum,Forum,https://www.reddit.com/r/electricvehicles/comments/16bkl7d/delhi_govt_officials_claims_that_delhi_now_has/,2023-09-06,ai_compiled_secondary,Tata,Tata Motors,OEM,legacy,audience_user,The interior of the Tata electric bus is much cleaner and has better lighting than the old CNG ones.,near_duplicate_text,eligible,True,True,True,duplicate_cluster_representative,,,,,
