image_id,file_path,width,height,aspect_ratio,file_size_kb,brightness,contrast,saturation,sharpness,warm_cool_bias,colourfulness,edge_density,symmetry_h,symmetry_v,rule_of_thirds,visual_balance,figure_ground_sep,top_color_rgb,top_color_share,palette_family,dominant_colors,blip_caption,ocr_text,obj_bus_count,obj_person_count,obj_truck_count,obj_all,hl_charger_depot,hl_charger_depot_flag,hl_accessibility,hl_accessibility_flag,hl_bus_in_motion,hl_bus_in_motion_flag,hl_fleet_scale,hl_fleet_scale_flag,hl_govt_handover,hl_govt_handover_flag,hl_operational_proof,hl_operational_proof_flag,theme_technology,theme_technology_flag,theme_comfort,theme_comfort_flag,theme_trust,theme_trust_flag,theme_sustainability,theme_sustainability_flag,pxy_trust,pxy_modernity,pxy_comfort,pxy_accessibility,pxy_env_friendliness,pxy_operational_readiness,pxy_visual_appeal,hl_setting,hl_setting_conf,hl_bus_visible,hl_passenger_driver_visible,hl_fleet_scale_deploy,ocr_char_len,nf_neg,nf_neu,nf_pos,nf_compound,nf_label,ar_bucket
053e8112-6bf8-4fd4-8691-8a1bd8a58a1f,images/053e8112-6bf8-4fd4-8691-8a1bd8a58a1f.JPG,1030,1033,0.997,126.6,24.14,58.94,40.8,481.39,0.152,51.63,0.032,0.849,0.842,0.5595,0.803,0.572,"[3, 3, 4]",0.876,dark/black,"[[[3, 3, 4], 0.876], [[189, 139, 64], 0.088], [[247, 246, 246], 0.036]]",open the bang set the story shifts,"ROUND O02 - BALANCE SHEET

OPEN THE
BALANCE SHEET.

THE STORY SHIFTS.

TATA MOTORS CV VECV

TOTAL BORROWINGS TOTAL DEBT

%5,615 Cr <0

Zero. ICRA AAA rated.

REVENUE GROWTH FY26 REVENUE GROWTH FY26
* Slower -veev mis

The smaller company is growing faster.
And carrying zero debt while doing it.

#100DAYSWITHTVS Krish Poojari",0,0,0,{},0.03,False,0.354,False,0.147,False,0.011,False,0.413,False,0.503,True,0.799,True,0.046,False,0.955,True,0.24,False,72.4,28.7,76.2,8.4,4.0,55.8,99.3,infographic_text,0.966,False,False,False,326,0.12,0.749,0.131,-0.0814,negative,square (~1:1)
1c3f1cbe-665c-49c9-86db-ee0cb7cc5e2e,images/1c3f1cbe-665c-49c9-86db-ee0cb7cc5e2e.JPG,592,799,0.741,144.3,96.72,73.9,101.48,888.44,-0.023,72.71,0.0911,0.797,0.62,0.411,0.926,0.545,"[33, 42, 42]",0.579,neutral/gray,"[[[33, 42, 42], 0.579], [[153, 186, 216], 0.292], [[187, 175, 61], 0.129]]","tata motors, tata motors, tata motors, tata motors, tata motors, tata motors, tata motors, tata motors, tata motors, tata","A MOTORS
MC os",1,1,0,"{""person"": 1, ""bus"": 1}",0.245,False,0.158,False,0.167,False,0.423,False,0.883,True,0.433,False,0.887,True,0.98,True,0.981,True,0.134,False,73.1,95.8,88.9,70.8,69.6,57.0,98.9,indoor_studio,0.64,True,True,False,14,0.0,1.0,0.0,0.0,neutral,portrait (<0.9)
1d4a1664-699d-4488-8634-f6bdd8553a08,images/1d4a1664-699d-4488-8634-f6bdd8553a08.JPG,613,867,0.707,155.3,142.46,80.92,47.02,4718.34,0.027,59.79,0.091,0.809,0.689,0.3535,0.801,0.461,"[147, 131, 123]",0.403,neutral/gray,"[[[147, 131, 123], 0.403], [[51, 45, 45], 0.3], [[248, 249, 250], 0.297]]",a bus with a large number of passengers,"Big surprise in India’s largest electric bus tenders we 4

Tata Motors and VECV-two established names in commercial vehicles - were priced
out of the mega electric bus tender. Instead, newer EV-focused players walked away
with most of the orders.

| observed PMI had no existence before 2017. Suddenly 50 crore Chinese ass
rickshaw seller company became Giant Bus manufacturer and in spite of Indian
Brands like TATA, Ashok and Mahindra government purchasing Bus Imported from
China. why? And who injected this huge Amount in PMI motors?

PML is just rebranding the Chinese Foton Bus.",3,0,0,"{""bus"": 3, ""car"": 1}",0.517,True,0.58,True,0.224,False,0.187,False,0.683,True,0.605,True,0.851,True,0.997,True,0.947,True,0.816,True,97.5,91.8,98.1,94.7,70.0,26.9,92.4,indoor_studio,0.542,True,False,True,584,0.089,0.828,0.083,-0.3889,negative,portrait (<0.9)
25365fed-8fba-470c-8f75-785311727ab1,images/25365fed-8fba-470c-8f75-785311727ab1.JPG,1030,1030,1.0,156.8,27.01,60.91,32.48,1035.94,0.047,33.26,0.0479,0.875,0.83,0.5708,0.84,0.595,"[5, 5, 5]",0.875,dark/black,"[[[5, 5, 5], 0.875], [[155, 132, 107], 0.079], [[239, 239, 239], 0.046]]","the game ' s menu, with the same text","THE COMPARISON

SAME CUSTOMERS.
VERY DIFFERENT STORIES.

TATA MOTORS CV VECV
India's largest truck and bus Joint venture between Eicher
manufacturer. 70 years on Motors and Volvo Group.
Indian roads. Scale, distribution, Focused. Leaner. And connected
and market dominance. to a global supply chain most

people overlook.

55% HCV MARKET SHARE | EICHER 55% - VOLVO 45%

By every headline number, Tata Motors CV looks like the clear winner.
But open the balance sheet and the story shifts.

#100DAYSWITHTVS Krish Poojari",0,0,0,{},0.052,False,0.136,False,0.447,False,0.438,False,0.63,True,0.016,False,0.466,False,0.053,False,0.987,True,0.068,False,48.2,41.2,7.9,3.2,66.3,35.7,95.7,infographic_text,1.0,False,False,False,519,0.0,0.858,0.142,0.8056,positive,square (~1:1)
55cba8f5-ec0a-4822-8a64-7e1585d14eb9,images/55cba8f5-ec0a-4822-8a64-7e1585d14eb9.JPG,606,426,1.423,87.5,115.58,69.59,96.29,1605.23,-0.065,52.41,0.1118,0.798,0.717,0.3994,0.966,0.49,"[32, 53, 71]",0.435,mixed,"[[[32, 53, 71], 0.435], [[114, 137, 122], 0.306], [[202, 212, 214], 0.259]]",tata electric vehicles and electric vehicles,"Tata & VECV priced out of India’s

"" PMIElectro Mobility

Discipline",2,2,0,"{""person"": 2, ""bus"": 2}",0.889,True,0.376,False,0.589,True,0.483,False,0.77,True,0.812,True,0.908,True,0.956,True,0.877,True,0.591,True,81.0,97.4,73.5,47.6,93.8,62.9,80.8,infographic_text,0.976,True,True,False,68,0.0,1.0,0.0,0.0,neutral,landscape (>1.1)
578aeaf6-7b83-4995-87c9-6216a5dc01fb,images/578aeaf6-7b83-4995-87c9-6216a5dc01fb.JPG,738,792,0.932,126.7,78.87,60.74,62.59,698.93,-0.002,32.31,0.0768,0.789,0.732,0.4757,0.894,0.466,"[34, 39, 33]",0.559,dark/black,"[[[34, 39, 33], 0.559], [[93, 93, 86], 0.267], [[178, 194, 197], 0.175]]",a bunch of buses parked on the side of a road,"It was India's largest e-bus
tender but Tata Motors, VE
Commercial, Ashok Leyland
missed it",4,1,0,"{""person"": 1, ""bus"": 4}",0.107,False,0.1,False,0.121,False,0.867,True,0.827,True,0.994,True,0.933,True,0.875,True,0.809,True,0.661,True,79.6,40.8,39.2,10.7,6.4,29.0,47.7,urban,0.551,True,True,True,91,0.167,0.833,0.0,-0.4215,negative,square (~1:1)
590566b4-289d-4df5-a1a3-912e312dd762,images/590566b4-289d-4df5-a1a3-912e312dd762.JPG,616,700,0.88,180.6,210.26,64.35,11.27,5781.54,-0.002,23.03,0.1765,0.808,0.766,0.4484,0.898,0.479,"[245, 245, 246]",0.718,white,"[[[245, 245, 246], 0.718], [[153, 154, 156], 0.174], [[56, 59, 61], 0.108]]",the front page of the german newspaper,"PME-BUS SEVASCHEME OPERATES UNDER GCC MODEL WITH 12-YEAR TERM

E-bus majors take a back
seat on payment delays

Smaller firms 60%
TAKING A TURN mThee-bus segment grew | m Nearly |

ie dca, |cenee
man ipsa’ 2,110 units smaller

pears m mauve. (gee RNMZS?

mechanism (PSM) under the Sail =
te

manufacturers(OEMs)suchas
vec RMS mw ansun 2024

‘Tata Motors and VE Commer
ial Vehicles (VECV) staying
‘away,creating spaceforsmaller
players such as PMI Electro,
TBM Auto and Olectra Green:
techtocapturemarketshare. especallyat such competitive fallingfrom115 unitstojust 12. pation. Tata Motors executive

Due to concems over bidprices”anexecutive atone Meanwhile, PMI Electro director Girish Wagh has
delayed payments and the —ofthelarger OEMs aid cemergedas the op performer, _statedinthepastthata reliable
financial instability of many According to Vahan data, delivering 542 units, more payment securitymechanism

state transport
(STUs)biggerplayershavebeen 12% year-on-year inthe:

dertakings theelectricbus segment grew than one-fourthofall buses 1s key to making the e-bus
st soldduringthe period Olectra modelbankable.

hesitanttoparticipateinrecent half of 2025, ith total sales Greentech followed with 366 __“Delaysinimplementinga
governmenttendersespecially increasingto2,110unitsfrom units, while|BM Autodocked PSMhaveintroduced alayerof
under the PM e-Bus Seva 1,893 in thesame period last 324 units. financial risk that larger pla-

Scheme, hich operates under year. Crucially,nearly 60% of __AVECVspokespersonatrib- _ers,accountable tosharehold
the gross cost contract (GCC) thesesales ame fromsmaller utedthedroptothecompletion — ersand moreexposed to credit
model with 12-year term.In manufacturers, reflecting a of deliveries underoolderten- cycles, are unwilling to
contrastemarging OEMs bet- significant shift inthe com-  dersandsaid that recent wins absorb Preetesh Singh, pe

ting on long-term market petitive dynamics willstart reflecting in the data cialist in CASE (Connected,
Potential and future viability, TataMotorsoncetheundis- soon. However, the company Autonomous, Shared, and
have aggressively pursued and putedmarketleader registered did not clarify why itskipped Electric) mobility at NRi Con-
secured these contracts sharp dropinvolumes,selling biddingin the PMe-Bus Seva sulting & Solutions said.

""We are facing payment just 132ebusesbetween Janu tenders. Tata Motors did not Industry executives
issuesunderthe FAMEscheme aryandJune2025,comparedto respond to's queries. believe the formal introduc
tenders. Without aproperpay- G62inthesameperiodlastyear. Industryobserverspointto tion of PSM, currently being

ment security mechanism, it Similarly, VECV's numbers thecriticalrole of themissing finalised, could shift the bal
‘was not viable to participate, plunged even more sharply, PSM in shaping OEM partici-_ ance once again,

INANCIAL EXPRESS f'03, 22 July 2)",1,0,0,"{""bus"": 1}",0.234,False,0.094,False,0.017,False,0.033,False,0.316,False,0.523,True,0.736,True,0.946,True,0.244,False,0.124,False,47.2,28.0,38.2,57.8,14.6,74.1,78.2,infographic_text,0.995,True,False,False,2897,0.024,0.914,0.062,0.8979,positive,portrait (<0.9)
6120605a-1c59-46b7-b81f-dfd785ea1e5c,images/6120605a-1c59-46b7-b81f-dfd785ea1e5c.JPG,601,748,0.803,121.0,75.14,54.29,82.72,995.12,0.005,40.6,0.0862,0.849,0.725,0.5193,0.926,0.642,"[91, 93, 91]",0.441,green,"[[[91, 93, 91], 0.441], [[28, 30, 28], 0.438], [[183, 179, 173], 0.121]]","a bus driving down a road with the words, ' the electric bus '",,1,2,0,"{""person"": 2, ""bus"": 1}",0.068,False,0.271,False,0.705,True,0.146,False,0.86,True,0.141,False,0.922,True,0.975,True,0.993,True,0.964,True,85.6,96.3,54.5,29.9,98.9,45.9,98.9,infographic_text,0.951,True,True,False,0,,,,,no_text,portrait (<0.9)
65a3f5bc-b7c7-44e4-a291-5dbd70cd7ca2,images/65a3f5bc-b7c7-44e4-a291-5dbd70cd7ca2.JPG,622,648,0.96,169.4,214.74,59.98,4.73,5795.25,-0.002,11.81,0.181,0.844,0.775,0.4868,0.94,0.538,"[245, 246, 247]",0.731,white,"[[[245, 246, 247], 0.731], [[161, 163, 164], 0.165], [[71, 69, 70], 0.104]]",a newspaper article with a bus and a bus,"Govt mulls financing support
for private e-buses and trucks

NITIN KUMAR
‘New Delhi, May 13

‘THE CENTRE IS targeting a
rollout of sovereign: backed
financing support scheme for
private electric bus and truck
‘operators by the end of the
‘yeat,as policymakers look to
shield lenders from the high
risk nature of commercial EV
financing amid rising con.
ems over country’s fi

import dependence following.
the ongoing West Asia crisis.

The Ministry of Heavy
Industries (MH) is working
‘with publicand private sector
‘banks, non-banking financial
‘companies (NBFCs) and apex
financial institutions ""to
develop a financing architec:
ture that couldcombine inter-
fest subvention with partial
‘credit guarantees for electric
‘commercial vehicles.

‘The move marks a signifi
cant shift in EV policy
approach, from direct procure
ment subsidies and manufac.
‘turingincentivestowardssov-
cereign-backed credit support
aimed at unlocking private
eet electrification,

“The scheme is being
designed to reduce both the
‘cost afborrowing and the per

FINANCIAL EXPRESS,

FUNDING ARCHITECTURE Mii may
‘=Private operators | India imports more than becerta the
sccountforneatly — | BE% ofits crude cilrequirements, additional 4
fe) with ond transport accountingfors percentage
iy major share of diesel consumption point interest
remiam
festimated mn :
Sypically
fesse, while farged on
maine charged o
heey duty trucks —
contiwe to
Serna right i SSremred neh
ene diesel vehicles

ceived lending risk Its likely

this year"" senior offical said,
‘The domestic commercial
transport sector remains over
‘whelmingly diesel dependent
despiterapidgrowthinelectric
passenger vehidesand state
finelectric bus procurement
programmes. Priateoperators
Account for neatly 90% of the
‘country’s estimated two mil
lion buses, while medium and
‘heavy-duty trucks continue to
dominate freight movement,
‘The urgency has increased
amid volatilityin global crude
markets linked to continuing.
‘geopolitical tensions in West
sia, which have renewed

Thu, 14 May 2026
n

concerns within the govern.
ment over the country’s
exposure to imported fossil
fuels, another oficial said

India imports more than
850% ofits crude oil require-
ments, with road transport
accounting foramajorshareot
diesel consumption.

Under the proposed frame
work, MHI may compensate
lenders forthe additional 1-4
percentage point interest pre
‘mum typically chargedon elec
ttiecommerdalvehicleloans
compared with diese vehides.
Hlectricbusfinancingcurrently
attracts interest rates ofaround
10.5-11.5%, significantly
hhigherthan conventional diesel

tps://epaper. financialexpress.com/c/79867201

feet financing dueto concerns
aroundasset resale value, bat
tery life and the absence of a
‘maturesecondary market

‘The ministryisalso evalu:
ating partial credit guaran-
‘eestructureunderwhichthe
government would absorb
part of the losses in case of
borrower defaults for ali
ited period, effectively acting
as a sovereign-backed risk
cover for lenders.

Financial institutions
have historically remained
cautious about financing
electric buses and trucks
because oftheir high upfront
costs and uncertain long.
term asset performance.",1,0,1,"{""bus"": 1, ""truck"": 1}",0.175,False,0.251,False,0.008,False,0.413,False,0.928,True,0.452,False,0.867,True,0.918,True,0.773,True,0.203,False,71.2,57.9,59.4,87.9,0.3,78.4,91.5,infographic_text,0.846,True,False,False,3175,0.07,0.844,0.085,0.7264,positive,square (~1:1)
6f3fe3a7-5eb8-4c20-ae85-339fa4997a97,images/6f3fe3a7-5eb8-4c20-ae85-339fa4997a97.JPG,601,751,0.8,114.8,76.42,53.96,123.57,783.22,-0.168,62.08,0.0691,0.834,0.8,0.456,0.953,0.503,"[47, 82, 130]",0.416,cool (blue),"[[[47, 82, 130], 0.416], [[32, 34, 36], 0.4], [[156, 170, 185], 0.184]]",the electric bus is driving down the road,"‘The Olectra Route: Himalayas

8+ Years of buses have been serving HRTC
Himalayan Trust | Scsagurz""""",1,1,0,"{""person"": 1, ""bus"": 1}",0.187,False,0.203,False,0.65,True,0.428,False,0.842,True,0.049,False,0.898,True,0.969,True,0.997,True,0.652,True,60.1,76.1,83.1,84.5,78.6,56.8,99.7,infographic_text,0.948,True,True,False,100,0.0,0.82,0.18,0.5106,positive,portrait (<0.9)
70ce1f86-3dfb-43db-ba88-54f3e9568022,images/70ce1f86-3dfb-43db-ba88-54f3e9568022.JPG,1026,1027,0.999,124.1,19.92,48.55,26.95,681.84,-0.08,37.31,0.0408,0.891,0.892,0.4958,0.603,0.429,"[5, 5, 6]",0.899,dark/black,"[[[5, 5, 6], 0.899], [[47, 79, 166], 0.053], [[231, 215, 188], 0.049]]",the average average of the average average of average average average average average average average average average average average average average,"TATA CV + EV & GLOBAL MOVE

ALREADY
MOVING.

ELECTRIC TRUCKS

17

Next generation electric trucks launched in FY26.

ELECTRIC BUSES DEPLOYED

3,815

Across 12 cities in India. Already on the road.

IVECO ACQUISITION

€3.8 Billion

Entering Europe directly. Same playbook as JLR in 2008.

On EV and global expansion, Tata CV is already ahead.
The question is what VECV has that Tata does not.

#IQOODAYSWITHTVS",0,0,0,{},0.068,False,0.439,False,0.199,False,0.157,False,0.923,True,0.714,True,0.609,True,0.071,False,0.484,False,0.355,False,27.1,90.3,31.6,12.9,19.9,35.2,72.1,infographic_text,1.0,False,False,False,409,0.0,0.977,0.023,0.128,positive,square (~1:1)
7eda105d-3678-455d-a32f-ae272b71bd69,images/7eda105d-3678-455d-a32f-ae272b71bd69.JPG,1030,1032,0.998,200.3,38.54,59.39,83.03,845.05,-0.012,37.72,0.0595,0.878,0.816,0.5599,0.867,0.584,"[9, 9, 11]",0.719,dark/black,"[[[9, 9, 11], 0.719], [[78, 75, 82], 0.2], [[204, 203, 201], 0.08]]",the new volvo trucks are shown in this image,"FY26 DAY 33

NOT ALWAYS
BETTER BUILT.

P

TATA ~ —
“oS

5530.5

TATA MOTORS CV
Eicher + Volvo JV

India’s Largest CV Maker

#IQODAYSWITHTVS",0,0,2,"{""truck"": 2}",0.053,False,0.061,False,0.114,False,0.884,True,0.924,True,0.027,False,0.932,True,0.027,False,0.994,True,0.434,False,71.1,56.1,65.2,14.7,3.8,18.0,97.2,infographic_text,0.795,True,False,True,139,0.109,0.891,0.0,-0.4494,negative,square (~1:1)
96286661-86a4-44f7-9481-94656d70d22d,images/96286661-86a4-44f7-9481-94656d70d22d.JPG,738,882,0.837,228.2,174.82,83.5,66.84,6638.78,-0.064,76.94,0.1304,0.869,0.69,0.4531,0.897,0.473,"[237, 239, 236]",0.59,white,"[[[237, 239, 236], 0.59], [[53, 122, 165], 0.27], [[21, 39, 50], 0.14]]","the front page of the magazine, with a photo of a bus","INDIA'S LARGEST

RANGE OF EVCV

Eka, PMI race ahead of Tata,
Ashok Leyland in e-bus tender

The companies secured over two-thirds of India’s third-largest tender for 6,230 electric buses

oung challengers Eka Mobik
ityand PMI Electro Mobility
are consistently outpacing
larger, established players
such a8 Tata Motors and
Ashok Leyland in winning a bigger
sharwof goverment electrias(e-bus)
tenders
These tworelativelynew companies
hhave secured over two-thirds ofthe
country third-largest tender for6.230
tlectric buses. The latest win comes
about sixmonthsaterthey emengedas
leadingplaversin the country’slargest
tenderforl0.900e-buses,accordingto
twoexceutivesaware oft
Toi
Tata Mot land and VE
Commercial Vehicles (Volvo Eicher
continuingtotrallintendershasraised
‘questions about their electrification
strategy
According to the
reviewed by Mint
based Eka Mobility won.
bids for 3,981 electric,
bases while Gurugram
hase JEM Autoand PML
Electro Mob
500 bi
rely. Mumbai
‘Motors secured
200 buses he tender
‘while Astok Leylandand VECommer
cial Vehicles Ltd did not secure any
buses. The government's demand
aggregation ageney, Convergence

3,981

The PME-Drive scheme, operated bythe heavy industries ministry, aimsto
facilitate the rollout of 1,028 e buses,

ray Services Lud (CESL), confirmed
data on wins by companies i
‘emailed response 10 Mint

“""Withourexpanding

continuing. butstrengahening asoper
torsinereasingly prioritize EV-nal
expertise lifecycle economics, and
‘delivery reliability:

‘Queries sent to Tata Motors,
Atk Layla, Volvo Eicher,
PMI Eleetro Mobility, and

snufsctuting

todeliver at
large tenders like

demand. The faet ie Union ministry of
wv-age EV-firstplayers | heavy industries
hhaveconsistenty secured | remained unanswered.

Sigifcantsharesin major
tenders reflects broader
market recognition
purpose-built EV companies,
are best positioned to drive this
transition efficiently and sstainably”
Sudhir Mehta foanderand chairmanat
Eka Mobility told Mintin an emailed
response. ""We see thi trend not just

Mint first reported in
November 2025 that the
government was planning
we second phase ofits PM
E-Drivescheme,involvinge-bus
tenders for Mumbai, Pune,and era
‘nud: Tobeclear.ofthese6:230e-buses,
2.900buseshave been tenderedunder
the PME-Drive scheme

|
footprint, wehave the capability

The central govemnment scheme,
‘operated by the heavy industriesminis:
try, aims to asist the rollout of
‘e-buses of which 10.900 were com:
pletedinthe irs tender for Delhi, Ben.
‘aluru, Hyderabad, Ahmedabad, and
Surat; and 2,900 in the second for
Mumbai, Pune, Hyderabad, and
Ahmedabad.

With private sector adoption of
‘chusesslillatancary stage large-scale

‘coming from govern

akingthese inser
yerstoainscale
Eka Mobily, a subsidiary of Pune
based automotive seat and interior
‘maker Pinnacle Industries, was estab
lished in 2019 and entered the e-bus
space seriously in 2022.Khasastrategic
partnership with JaansMitsuiandihe

ing capacity of 6,000 electric buses
annually.
PMLEctro Mobilit: founded
1017 by Satish Jain and
Anurag’ Aggarwal, has a
3,000-unitannuaicapae
ity plant in Dharuhera,
Haryana.andisbuilinga
second plantin Neemrana
ha capacity to make
15,000 buses. I. March,
US-based invest on fim
IkRannonncedlth tii est
S310 milton intottecon say
ayaan-hartibvativemintison
Foranertendetversionof%'-tor.g0
tolivemint.com,",2,0,1,"{""bus"": 2, ""truck"": 1}",0.449,False,0.39,False,0.021,False,0.093,False,0.923,True,0.05,False,0.756,True,0.987,True,0.782,True,0.326,False,72.4,90.5,51.3,78.8,87.6,33.0,96.1,infographic_text,0.966,True,False,False,3362,0.014,0.89,0.096,0.9887,positive,portrait (<0.9)
99eaf606-a8f8-426a-8639-48daefbbe8c9,images/99eaf606-a8f8-426a-8639-48daefbbe8c9.JPG,738,1600,0.461,197.4,49.37,89.72,7.65,3497.14,-0.016,19.71,0.0872,0.853,0.671,0.3479,0.892,0.646,"[1, 1, 2]",0.77,dark/black,"[[[1, 1, 2], 0.77], [[238, 238, 238], 0.152], [[125, 142, 152], 0.078]]",the news app on the iphone,"18:54

4 Safari

D)}

ee

Xx

For you v Following +
CHATHODMTY a iuniy Wit VIRBESL WIHIcrS Ht
CESL mega tender for 10,900 electric buses
across Ahmedabad (1600), Surat (1600),
Bengaluru (4500), Delhi (2800), and
Hyderabad (2000), alongside PMI Electro
and Olectra Greentech.

The firm has quietly emerged as a serious force
in India’s e-bus market.

+ Nearly 3decades of industrial manufacturing
DNA through its parent, Pinnacle Industries
Group.

+ Backed by 850 cr Mitsui-VDL partnership
and %2,000+ cr capex plan

+ Manufacturing capacity scaling to 10,000 e-
buses/year by 2026 (Pune + Pithampur plants)
+ One of the few EV OEMs with in-house R&D
and execution depth, not just tender arbitrage
+ Order book at 3,000+ e-buses from public-
sector contracts. 500 more from private
operators (staff transport, school & intercity
buses) via @businessline

SKA Mobility builds market share in e-bus segment",1,0,0,"{""bus"": 1}",0.208,False,0.269,False,0.076,False,0.172,False,0.764,True,0.414,False,0.882,True,0.562,True,0.966,True,0.412,False,57.9,90.3,10.4,73.0,41.4,28.7,99.4,infographic_text,0.905,True,False,False,904,0.009,0.968,0.023,0.25,positive,portrait (<0.9)
9a3d1d9e-83be-4110-bf7d-f30fae1e9160,images/9a3d1d9e-83be-4110-bf7d-f30fae1e9160.JPG,1029,1032,0.997,131.3,21.4,52.14,36.8,501.85,-0.118,38.68,0.0393,0.896,0.873,0.5963,0.876,0.63,"[5, 5, 5]",0.885,dark/black,"[[[5, 5, 5], 0.885], [[55, 82, 158], 0.073], [[243, 242, 241], 0.041]]",the new yorks are getting their own,"ROUND 01 - SCALE

TATA CV
WINS ON POINTS.

UNITS SOLD FY26 REVENUE

428,000 = 4y Larger

vs VECV's 1,03,404

4 14% YoY CIE
HCV MARKET SHARE REVENUE GROWTH FY26
1in 2 heavy trucks on Indian roads VECV grew faster at 15%

The headline numbers belong to Tata CV. But the growth rate belongs to VECV.

#1OODAYSWITHTVS",0,0,0,{},0.067,False,0.317,False,0.142,False,0.084,False,0.505,True,0.809,True,0.626,True,0.001,False,0.404,False,0.312,False,36.4,32.0,3.8,2.4,27.8,69.9,95.9,infographic_text,1.0,False,False,False,313,0.0,0.838,0.162,0.85,positive,square (~1:1)
EKA (1),images/EKA (1).png,1176,799,1.472,1144.9,107.06,81.95,59.01,224.64,-0.038,23.71,0.0347,0.753,0.6,0.3779,0.917,0.558,"[40, 45, 54]",0.552,neutral/gray,"[[[40, 45, 54], 0.552], [[137, 145, 150], 0.25], [[240, 243, 244], 0.198]]",the interior of a car with a dashboard and a steering,,0,0,0,{},0.046,False,0.247,False,0.751,True,0.053,False,0.411,False,0.955,True,0.743,True,0.993,True,0.558,True,0.621,True,84.6,99.5,41.5,92.3,98.9,48.0,99.5,indoor_studio,0.955,False,False,False,0,,,,,no_text,landscape (>1.1)
EKA (2),images/EKA (2).png,1198,787,1.522,1218.1,126.08,80.1,85.99,299.61,-0.09,47.13,0.0557,0.755,0.62,0.3889,0.839,0.547,"[34, 53, 79]",0.415,cool (blue),"[[[34, 53, 79], 0.415], [[101, 128, 152], 0.31], [[238, 241, 240], 0.275]]",a bus with blue seats and a white wall,,0,0,0,{},0.014,False,0.444,False,0.11,False,0.01,False,0.037,False,0.711,True,0.611,True,1.0,True,0.407,False,0.668,True,72.5,84.6,60.0,88.3,88.3,29.4,90.1,indoor_studio,0.91,False,False,False,0,,,,,no_text,landscape (>1.1)
EKA (3),images/EKA (3).png,1177,783,1.503,1317.8,134.17,74.61,77.14,429.32,-0.078,47.01,0.0682,0.755,0.68,0.3806,0.916,0.53,"[113, 140, 164]",0.407,cool (blue),"[[[113, 140, 164], 0.407], [[219, 223, 226], 0.305], [[28, 40, 63], 0.288]]",a bus with blue seats and a white wall,,0,0,0,{},0.096,False,0.437,False,0.213,False,0.154,False,0.239,False,0.745,True,0.799,True,1.0,True,0.804,True,0.92,True,84.2,96.3,38.8,98.5,97.6,29.6,99.2,indoor_studio,0.997,False,False,False,0,,,,,no_text,landscape (>1.1)
EKA (4),images/EKA (4).png,1182,777,1.521,1167.6,112.73,62.9,53.2,201.76,-0.003,34.12,0.0575,0.798,0.759,0.4092,0.941,0.634,"[40, 41, 51]",0.351,neutral/gray,"[[[40, 41, 51], 0.351], [[188, 188, 180], 0.326], [[114, 112, 112], 0.323]]",a bus is parked in front of a building,,1,0,0,"{""bus"": 1}",0.347,False,0.403,False,0.398,False,0.358,False,0.291,False,0.064,False,0.82,True,0.998,True,0.92,True,0.693,True,71.9,84.5,42.0,85.8,93.5,54.7,99.3,urban,0.829,True,False,False,0,,,,,no_text,landscape (>1.1)
EKA (5),images/EKA (5).png,1182,784,1.508,1346.8,92.5,63.59,77.33,355.78,0.047,47.53,0.0493,0.778,0.711,0.3404,0.914,0.515,"[34, 32, 43]",0.425,neutral/gray,"[[[34, 32, 43], 0.425], [[111, 87, 78], 0.317], [[188, 182, 166], 0.259]]",a bus is parked on the side of the road,"ELECTRIC

PUR

~",1,0,0,"{""bus"": 1}",0.501,True,0.479,False,0.309,False,0.529,True,0.551,True,0.129,False,0.799,True,0.996,True,0.81,True,0.719,True,64.3,93.3,65.2,81.4,93.6,38.6,89.9,urban,0.892,True,False,False,16,0.0,1.0,0.0,0.0,neutral,landscape (>1.1)
G2dxiJiWoAA5Trp,images/G2dxiJiWoAA5Trp.jpg,1200,1852,0.648,457.7,205.82,73.79,15.96,2204.86,0.001,28.58,0.1059,0.821,0.741,0.365,0.833,0.49,"[247, 247, 246]",0.695,white,"[[[247, 247, 246], 0.695], [[166, 170, 154], 0.153], [[41, 51, 53], 0.152]]",a newspaper article with a bus and a map,"Delhi, TN, Maha lead
e-bus sales surge in H1

Govt incentives, charging infrastructure also fuel e-bus demand in Odish

Mai ilk
manas.pimpalkhare@hindustantimes.com
NEW DELHI

elhi, Tamil Nadu, Maharash
tra and Odisha saw a signifi-
cant rise in e-bus sales in the
first half of FY26 (April-Sep-
tember) compared with sales
in the same period last fiscal, propelling
the country's total e-bus sales to rise 37%
to 2,241, from 1,635 in the previous fiscal.

This gains significance as the Centre
focuses on electrifying public transport to
reduce vehicular emissions, at a time
when demand for e-buses is shaky. The
Vahan portal data showed thatin the first
half of this fiscal, Delhi’s e-bus sales rose
69% to 938, the highest in India. During
the same period in the previous fiscal, 555
e-buses were sold.

Maharashtra's e-bus sales increased
48% to 665 units, from 448 units in the
previous fiscal year. In Tamil Nadu, 251
e-buses were sold within this period,
much higher than the 5 units sold in the
corresponding period of FY25.

Odisha's e-bus sales quadrupled to 125
in HI FY26 from 31 in the previous fiscal.
E-busesare currently used for commutes
within cities and in select areas for travel
between cities, but only a few states have
shown significant adoption of this
clean method of public trans-
portation. The average price
ofan e-busis about %1 crore.
The subsidy under the PM
E-Drive scheme is in the
range of 25-35 lakh per bus,
provided the manufacturer
meets the localisation criteria.

Akey factor determining the
sales of e-buses is the availability of
charging infrastructure in urban areas.
India had approximately 29,200 public
charging stations in August, according to
agovernment disclosure in the Lok Sabha.

Charger-to-bus ratios are integral in the
electrification of public transport, along
with the integration of chargers at bus

E-mobility boost

India’s e-bus sales rose 37% to 2,241 units in H1 FY26, led by Delhi (938), with
strong growth also in Maharashtra (665), Tamil Nadu (251), and Odisha (125).

State-wise e-bus sales in H1 (in units)

Delhi
Maharashtra

Tamil Nadu

Karnataka

Odisha

Uttar Pradesh

MFY25 MFY26

Total

mint

° 200 400

Note: Data from Telangana is not
integrated within the Vahan portal

depots, domain experts said. ""Global
benchmarks show that countries with
robust bus electrification programmes,
like China, maintain a charger-to-bus
ratio of-1:3, whereas in India it is closer to
1:8-1:12, indicating the need for acceler-
ated infrastructure rollout,"" Rand-
heer Singh, former director of
electric mobility at NITI
Aayog, and currently chief
executive officer, ForeSee
Advisors, said.
Additionally, under PM
E-Drive scheme, the heavy
industries ministry plans to
cut upfront costs for establishing
over 72,000 public charging sta-
tions nationwide. To promote intercity
travel, the government plans to reduce the
upfront cost of procuring e-buses for
operation on select highway corridors,
including Delhi-Jaipur, Delhi-Agra, Del-
hi-Chandigarh, and Mumbai-Pune.
According to Surya Khurana, managing

600 800 1,000

Source: Vahan portal, ministry of road transport and highways

GOPAKUMAR WARRIER/M!

director at FlixBus India, routes in tl
north, such as Delhi-Dehradun, Dell
Chandigarh, Delhi-Agra, and Delhi
pur, have seen the highest deploymer
Meanwhile, in the South, corridors lil
Hyderabad-Vijayawada and Chennz
Pondicherry are emerging as popul
early adopters.

""On these high-demand routes, char
ing infrastructure has grown in paral
with bus deployment and has not beer
significant bottleneck for operators. Th
said, for longer-haul corridors like Beng
luru-Hyderabad, more charging capaci
isrequired. Here, faster charging techn
ogy will play acrucial role, since custom
expectations in long journeys won'tallc
for extended charging breaks,” he sai
The running cost ofan e-busis about 14
lower than that ofits diesel counterpa'
but this model would only be viable
scale, said Khurana.

For an extended version of the story go
livemint.com",2,0,0,"{""bus"": 2}",0.48,False,0.377,False,0.051,False,0.172,False,0.931,True,0.569,True,0.89,True,0.984,True,0.905,True,0.867,True,46.7,89.1,31.5,33.1,12.5,60.7,99.3,infographic_text,0.987,True,False,False,4018,0.017,0.919,0.063,0.9842,positive,portrait (<0.9)
Screenshot 2026-07-17 235633,images/Screenshot 2026-07-17 235633.png,885,919,0.963,930.4,136.98,85.56,39.57,1233.15,0.035,25.17,0.0572,0.848,0.577,0.4282,0.903,0.507,"[149, 137, 119]",0.362,neutral/gray,"[[[149, 137, 119], 0.362], [[33, 35, 28], 0.322], [[241, 240, 237], 0.316]]",a group of buses parked on the side of a road,"Indian Army signs a 7130.58 crore contract with JBM Auto Ltd to procure
113 Electric Buses and 43 Fast Chargers.

ah
oe

‘OLTD
uy - JBM AUT!

1 at AERTNERSHP oa
130.58 CRORE CONTRA

SS _ S &
2 IBELECTRIC BUSSE
son SFAST-CHARGERS

3",1,3,3,"{""person"": 3, ""truck"": 3, ""bus"": 1}",0.776,True,0.26,False,0.392,False,0.725,True,0.74,True,0.983,True,0.764,True,0.686,True,0.394,False,0.792,True,81.7,94.4,35.5,17.8,88.8,62.7,82.9,urban,0.475,True,True,True,231,0.0,1.0,0.0,0.0,neutral,square (~1:1)
Screenshot 2026-07-17 235657,images/Screenshot 2026-07-17 235657.png,663,549,1.208,525.7,72.38,74.96,90.63,4831.32,-0.161,64.41,0.138,0.776,0.681,0.4575,0.955,0.543,"[2, 5, 7]",0.421,dark/black,"[[[2, 5, 7], 0.421], [[42, 81, 110], 0.344], [[163, 193, 208], 0.235]]",a bus with a bunch of people standing around it,"459%) Amor & Gon
SP @Amarrnz

JBM Ecolife Mobility, a subsidiary of JBM Auto, has secured a 75,500.
crore order to supply 1,021 electric buses under the PM e-Bus Sewa
Scheme-2 for deployment in Gujarat, Maharashtra and Haryana.",5,21,0,"{""person"": 21, ""bus"": 5}",0.038,False,0.166,False,0.221,False,0.03,False,0.181,False,0.95,True,0.433,False,0.753,True,0.908,True,0.355,False,71.0,99.2,43.7,45.1,75.2,16.4,93.9,urban,0.758,True,True,True,227,0.0,0.843,0.157,0.7717,positive,landscape (>1.1)
X (1),images/X (1).jpeg,738,792,0.932,126.7,78.87,60.74,62.59,698.93,-0.002,32.31,0.0768,0.789,0.732,0.4757,0.894,0.466,"[34, 39, 33]",0.559,dark/black,"[[[34, 39, 33], 0.559], [[93, 93, 86], 0.267], [[178, 194, 197], 0.175]]",a bunch of buses parked on the side of a road,"It was India's largest e-bus
tender but Tata Motors, VE
Commercial, Ashok Leyland
missed it",4,1,0,"{""person"": 1, ""bus"": 4}",0.107,False,0.1,False,0.121,False,0.867,True,0.827,True,0.994,True,0.933,True,0.875,True,0.809,True,0.661,True,79.6,40.8,39.2,10.7,6.4,29.0,47.7,urban,0.551,True,True,True,91,0.167,0.833,0.0,-0.4215,negative,square (~1:1)
X (2),images/X (2).jpeg,738,882,0.837,228.2,174.82,83.5,66.84,6638.78,-0.064,76.94,0.1304,0.869,0.69,0.4531,0.897,0.473,"[237, 239, 236]",0.59,white,"[[[237, 239, 236], 0.59], [[53, 122, 165], 0.27], [[21, 39, 50], 0.14]]","the front page of the magazine, with a photo of a bus","INDIA'S LARGEST

RANGE OF EVCV

Eka, PMI race ahead of Tata,
Ashok Leyland in e-bus tender

The companies secured over two-thirds of India’s third-largest tender for 6,230 electric buses

oung challengers Eka Mobik
ityand PMI Electro Mobility
are consistently outpacing
larger, established players
such a8 Tata Motors and
Ashok Leyland in winning a bigger
sharwof goverment electrias(e-bus)
tenders
These tworelativelynew companies
hhave secured over two-thirds ofthe
country third-largest tender for6.230
tlectric buses. The latest win comes
about sixmonthsaterthey emengedas
leadingplaversin the country’slargest
tenderforl0.900e-buses,accordingto
twoexceutivesaware oft
Toi
Tata Mot land and VE
Commercial Vehicles (Volvo Eicher
continuingtotrallintendershasraised
‘questions about their electrification
strategy
According to the
reviewed by Mint
based Eka Mobility won.
bids for 3,981 electric,
bases while Gurugram
hase JEM Autoand PML
Electro Mob
500 bi
rely. Mumbai
‘Motors secured
200 buses he tender
‘while Astok Leylandand VECommer
cial Vehicles Ltd did not secure any
buses. The government's demand
aggregation ageney, Convergence

3,981

The PME-Drive scheme, operated bythe heavy industries ministry, aimsto
facilitate the rollout of 1,028 e buses,

ray Services Lud (CESL), confirmed
data on wins by companies i
‘emailed response 10 Mint

“""Withourexpanding

continuing. butstrengahening asoper
torsinereasingly prioritize EV-nal
expertise lifecycle economics, and
‘delivery reliability:

‘Queries sent to Tata Motors,
Atk Layla, Volvo Eicher,
PMI Eleetro Mobility, and

snufsctuting

todeliver at
large tenders like

demand. The faet ie Union ministry of
wv-age EV-firstplayers | heavy industries
hhaveconsistenty secured | remained unanswered.

Sigifcantsharesin major
tenders reflects broader
market recognition
purpose-built EV companies,
are best positioned to drive this
transition efficiently and sstainably”
Sudhir Mehta foanderand chairmanat
Eka Mobility told Mintin an emailed
response. ""We see thi trend not just

Mint first reported in
November 2025 that the
government was planning
we second phase ofits PM
E-Drivescheme,involvinge-bus
tenders for Mumbai, Pune,and era
‘nud: Tobeclear.ofthese6:230e-buses,
2.900buseshave been tenderedunder
the PME-Drive scheme

|
footprint, wehave the capability

The central govemnment scheme,
‘operated by the heavy industriesminis:
try, aims to asist the rollout of
‘e-buses of which 10.900 were com:
pletedinthe irs tender for Delhi, Ben.
‘aluru, Hyderabad, Ahmedabad, and
Surat; and 2,900 in the second for
Mumbai, Pune, Hyderabad, and
Ahmedabad.

With private sector adoption of
‘chusesslillatancary stage large-scale

‘coming from govern

akingthese inser
yerstoainscale
Eka Mobily, a subsidiary of Pune
based automotive seat and interior
‘maker Pinnacle Industries, was estab
lished in 2019 and entered the e-bus
space seriously in 2022.Khasastrategic
partnership with JaansMitsuiandihe

ing capacity of 6,000 electric buses
annually.
PMLEctro Mobilit: founded
1017 by Satish Jain and
Anurag’ Aggarwal, has a
3,000-unitannuaicapae
ity plant in Dharuhera,
Haryana.andisbuilinga
second plantin Neemrana
ha capacity to make
15,000 buses. I. March,
US-based invest on fim
IkRannonncedlth tii est
S310 milton intottecon say
ayaan-hartibvativemintison
Foranertendetversionof%'-tor.g0
tolivemint.com,",2,0,1,"{""bus"": 2, ""truck"": 1}",0.449,False,0.39,False,0.021,False,0.093,False,0.923,True,0.05,False,0.756,True,0.987,True,0.782,True,0.326,False,72.4,90.5,51.3,78.8,87.6,33.0,96.1,infographic_text,0.966,True,False,False,3362,0.014,0.89,0.096,0.9887,positive,portrait (<0.9)
X (3),images/X (3).jpeg,738,790,0.934,248.9,206.62,56.71,13.95,6352.21,-0.01,35.41,0.1918,0.777,0.76,0.4523,0.892,0.511,"[241, 241, 241]",0.663,white,"[[[241, 241, 241], 0.663], [[157, 173, 177], 0.216], [[75, 88, 92], 0.121]]",the front page of the news,"livemmint
Tata Motors, VECV
priced out of mega
electric bus tender

NeWDELHI

ew-age manu
have stormed India's
biggest electricbusten-
der, picking up nearly 80% of
the10,900¢-buseson offer as
part ofthe %10,900-crore PM.
E-Drivescheme, leavinglegacy
players with litle to show for
theirefforts,

Flush with recent invest-
‘ments, companies like PMI
Electro Mobility and Eka
Mobility offered aggressive,
lucrative pricing, securingcon=
for 5,210 and 3.485
e-buses, respectively. Among
other _manufacturers, only
Olectra Greentech—an estab
lished electric bus manufac-
turer—manageda partial win,
bagwing L785 ¢-buses.

Bigger names such as Tata
Motors and VE Commercial
Vehicles (VECY) drewa blank
whentheresultswere revealed
on Wednesday, according to
threeexecutivesdirectlyaware
ofthedevelopment. Chennai-
based! Ashok Leyland missed
the tender entirely due to a
technical glitch and_has
approached the Delhi High
Court.

Government officials and
industry executives spoke on
the condition ofanonymity as

New-age cos took 80% of
10,900 plannede-buses. snr

the results are so far only
known to the bidders and
haven't been made public.
Final letters of award tocach
playerareexpected toreachin
thenextfewweeks.
PMLElectroand Eka Mobil
triumphed inabiddingpro
‘cess that sw priceslowerthan
expected. A government off-
cial said on the condition of
anonymity that prices discov
‘ered varied for each city, and
‘were lowerbyabout5-15%than
previously estimated.
“There wasaguressive com
petition where manginswereas
Jowas20 paiseinsomeinstan-
ces. The new-age players
‘emerged victorious as they
foundabetterwaytooffertheir
‘e-busesat cheaperprices,” the

‘TURN TO PAGES

livemint

Tata Motors, VECV priced out
of mega electric bus tender

wassoaggeesdve that the di
Terence between the fir and
bide was. igh as
Tors Unally wedon twee
high margins”
key ifleretiatorfor Eka
Isitsdeep vertical integration
across the EV value chai
oupentitessichas
Pinnacle nds, VDP
‘nace ae insor ini,"" scom

ppany spokesperson said in Wining bidders are requred to supply e-buss 205s veces

Fesponmeoqgueries.
Aahok Ll declined 10
commment.“Asthematterissub | for winner
Jidice, weareunabletocom- | contracts.

sin executing the

‘ment futher unt ic fully | “Thisfsamasve operation:
adjudicated by the cour.” a | iinvohesrollig out alge

Spokesperson said, ‘umber of
‘Queriscmallediotheosher | wel-s

new uses where
ied bus systems

companiesthatparpatedin | already exist” said Surya

the tender remained nan’ | Kiran, for

ered.
“Thebusinessmodel
Asperthetenderconsions,

wind bidders are rele

fusandsodversanacee
ppl eines acros five | donot retsafety saan”

tities and will be paid on a |” Howlogaey players Lost

perkmbasisoveriO-ycar. | Thefingenceusivecie
aul tsesans pro: | Her guested tha the

Tata Motrsand
veces
vistors
iso sartUnlanambsed
from their trans- thetender
‘port authorities,  eitirely due toa
So, busmanufae- technical gfitch

“Tutinmany ma
ets, there as
aggressive pric
ing wiht
‘aslo ke

basen while operatorsyst | and caught thelexacy payers

nade e-bnes without | ofF guard
haningtoinvstinmanufacur | aed

the executive

ing ExcepPMI Electro Mail- | The eecricbusbidof Tata

ity, all other manufact
participated through a Met | ket i the

Motors Lid whichledthe ra

last two years, has

operate ‘allen 2025 ovingtoitsco
Executionchallenge | cemsabout previous tenders
Expertssittheshrersieof | model which required man
thctender would mean there | fctursstobearresporsbiity
‘would be an impact on the | forthecontracts Promleading
business of companies that | the market by selling 1462

have not won orders, while | e-bussin

2024, the company

pacrcerastDapreviiner: Antoni Prtpmoneieg aes §

Bengal Hyerabad Deh Suatand Abmedabad. wom

bus deliveries as por Vaan
poral

Tata sells two electric bus
ranges Sarbusand Uli. We
Iniveconsstenly hoes for
the inclusion of aset-light
‘model (ALND and pay
Seurity mechanism (PSM
Fundamentals for af
‘able al bankable ba
‘mode thecompanytokt Mint
tarles. “We chase tofollw

""

totheabsenceafthesewent
safeguards”

Notably, Tata Motors mise
comesalreatofco

its menger with aly based
weco, whic as offer
thedlectricbusspace.

‘Smarty, VECY, ai ven
treat Eicher Motorsand Se
den-based Volvo Group.
misout Ita parce
Inthe tender. through
GGreencel Mobily. The com
pany offlersits-busoffering.
Sine inthe indian market

Ashok Leyland’s Svitch
Mobility i inthe business of
selling e-buses in the country
Srulonrsea withthe Cena
ined nature aoa
‘Ohm Mobility. feet manage-
ment services provide.

persica oe 7",0,0,0,"{""train"": 2}",0.73,True,0.33,False,0.514,True,0.042,False,0.892,True,0.803,True,0.799,True,0.596,True,0.681,True,0.64,True,83.7,92.7,55.2,66.6,83.9,14.2,96.8,infographic_text,0.974,False,False,False,4557,0.024,0.937,0.04,0.9099,positive,square (~1:1)
X (4),images/X (4).jpeg,738,1600,0.461,197.4,49.37,89.72,7.65,3497.14,-0.016,19.71,0.0872,0.853,0.671,0.3479,0.892,0.646,"[1, 1, 2]",0.77,dark/black,"[[[1, 1, 2], 0.77], [[238, 238, 238], 0.152], [[125, 142, 152], 0.078]]",the news app on the iphone,"18:54

4 Safari

D)}

ee

Xx

For you v Following +
CHATHODMTY a iuniy Wit VIRBESL WIHIcrS Ht
CESL mega tender for 10,900 electric buses
across Ahmedabad (1600), Surat (1600),
Bengaluru (4500), Delhi (2800), and
Hyderabad (2000), alongside PMI Electro
and Olectra Greentech.

The firm has quietly emerged as a serious force
in India’s e-bus market.

+ Nearly 3decades of industrial manufacturing
DNA through its parent, Pinnacle Industries
Group.

+ Backed by 850 cr Mitsui-VDL partnership
and %2,000+ cr capex plan

+ Manufacturing capacity scaling to 10,000 e-
buses/year by 2026 (Pune + Pithampur plants)
+ One of the few EV OEMs with in-house R&D
and execution depth, not just tender arbitrage
+ Order book at 3,000+ e-buses from public-
sector contracts. 500 more from private
operators (staff transport, school & intercity
buses) via @businessline

SKA Mobility builds market share in e-bus segment",1,0,0,"{""bus"": 1}",0.208,False,0.269,False,0.076,False,0.172,False,0.764,True,0.414,False,0.882,True,0.562,True,0.966,True,0.412,False,57.9,90.3,10.4,73.0,41.4,28.7,99.4,infographic_text,0.905,True,False,False,904,0.009,0.968,0.023,0.25,positive,portrait (<0.9)
X (5),images/X (5).jpeg,738,1055,0.7,280.6,216.1,59.12,6.21,3302.91,-0.001,15.25,0.1579,0.841,0.776,0.3638,0.959,0.445,"[246, 247, 247]",0.734,white,"[[[246, 247, 247], 0.734], [[165, 170, 167], 0.156], [[79, 77, 76], 0.11]]",a newspaper article with a green bus,"PMI Electro bags bulk of e-bus
orders under PM E-DRIVE

NITIN KUMAR
New Delhi, December 24

PMI ELECTRO HAS emerged
as the largest beneficiary of
the country’s biggest electric
bus tender, securing orders
for 5,210 buses, nearly half of
the 10,900 vehicles offered
under the Prime Minister
Electric Drive Revolution in
Innovative Vehicle Enhance-
ment (PM E-DRIVE) scheme,
according to official sources.
The company currently
accounts for about a quarter
of the 4,239 electric buses
sold in the country in 2025
and has anexisting orderbook
of around 3,000 buses. With
the latest allocation, PMI Elec-
tro has strengthened its lead.
EKA Mobility, a subsidiary
of Pinnacle Industries,
emergedas thesecond-largest
winner in the tender, securing
3,485 buses. Olectra followed
with 1,785 buses, while the
remaining 420 buses were
awarded toaconsortiumled by
Anthony Travels, sources said.
Several established bus
manufacturers failed to
secure any orders. Tata
Motors, VE Commercial Vehi-
cles and JBM Auto did not win
allocations in the tender.
Ashok Leyland, through its
subsidiary OHM Global
Mobility, has contested its
exclusion and has moved the
Delhi High Court, arguing

FINANCIAL EXPRESS

DTO LEAD

MEGA TENDER

Fao

= PMiElectro currently
accounts for about a
quarter of the 4,239
e-buses sold in India in 2025

EKA Mobility emerged
as the second-largest
winner, securing

3,485 buses

Ashok Leyland has
contested its exclusion
and has moved the
Delhi High Court

™CESL has maintained
that Ashok Leyland's bid
was never successfully
submitted

that it was unable to submit
its bid due toatechnical issue
on the Convergence Energy
Services (CESL) portal.

CESL has maintained that
Ashok Leyland’s bid was never
successfully submitted,
despite the company’s claim
thatall required technical and

Thu, 25 December 2025

financialdocuments had been
uploaded.Asenior official said
the announcement of the suc-
cessful bidderswas made after
obtaining legal advice, given
the ongoing litigation.
According to CESL, finan-
cial bids of 14 technically
qualified bidders were
opened,with discovered rates
coming in lower than initial
estimates. The results have
been shared with participat-
ing cities, which will now
issue letters of award and
enter into concession agree-
ments directly with the
selected operators.
Deployments expected to
begin from next year. Under
the current phase of PM E-
DRIVE, around 4,500 electric
buses have been allocated to
Bengaluru, 2,800 to Delhi,
2,000 to Hyderabad, 1,000 to
Ahmedabad and 600 to Surat.
The buses will be operated
under the gross cost contract
model, under which private
operators will own, operate
and maintain the vehicles,
while also developing charg-
ing infrastructure and man-
aging energy requirementsat
depots provided hy city
authorities. In return, ity
transport undertakings will
pay operators a fixed 32*-4 ilo-
metre fee, a structure aimed
at keeping fares affordable
while ensuring finaria! via-
bility for operators.

https: //epaper . financialexpress.com/c/787992 to)",1,0,0,"{""bus"": 1}",0.397,False,0.142,False,0.015,False,0.143,False,0.319,False,0.949,True,0.895,True,0.979,True,0.819,True,0.714,True,71.5,46.9,52.0,87.4,3.9,33.6,95.5,infographic_text,0.787,True,False,False,3030,0.055,0.856,0.09,0.9465,positive,portrait (<0.9)
a76ceafb-c1d9-49db-b9c6-ced76e8433a8,images/a76ceafb-c1d9-49db-b9c6-ced76e8433a8.JPG,634,796,0.796,136.9,70.08,63.88,139.68,1039.89,-0.05,50.72,0.0599,0.693,0.817,0.4719,0.885,0.517,"[20, 22, 26]",0.517,dark/black,"[[[20, 22, 26], 0.517], [[76, 95, 108], 0.338], [[201, 195, 180], 0.145]]",cicara bus advertising design,"vAN Olectra

Built for Comfort.
Designed for —

Olectra Buses ensure peak pel

atl Feat

eet (@)

Transforming
Everyday",1,0,0,"{""bus"": 1}",0.127,False,0.606,True,0.249,False,0.054,False,0.931,True,0.02,False,0.89,True,0.926,True,0.993,True,0.909,True,93.0,95.1,72.2,60.5,99.2,13.3,99.3,infographic_text,0.791,True,False,False,119,0.0,0.769,0.231,0.6249,positive,portrait (<0.9)
e14d23b3-600d-46df-a0bd-97fccc7425bb,images/e14d23b3-600d-46df-a0bd-97fccc7425bb.JPG,1030,1033,0.997,171.2,28.8,64.98,57.58,1063.91,0.094,43.42,0.0526,0.854,0.831,0.569,0.756,0.636,"[4, 5, 4]",0.869,dark/black,"[[[4, 5, 4], 0.869], [[237, 237, 237], 0.072], [[179, 100, 56], 0.06]]",ver is not just indian company,"THE WEAPON NOBODY TALKS ABOUT

VECV IS NOT
JUST AN INDIAN
CV COMPANY.

PITHAMPUR PLANT - EXPORT ENGINE

VECV's Pithampur plant exports medium duty engines to Volvo
fleets across Europe and Asia. It is a global manufacturing
partner — not just an Indian CV maker.

UJJAIN + $544 CR VOLVO AMT PLANT

Volvo just invested $544 crores in a new AMT plant at Ujjain.
This plant will supply automatic transmissions to Volvo trucks
across Asia and Oceania.

THE GLOBAL FLOOR

Even in a bad Indian CV cycle, VECV still earns from Europe.
| Tata Motors CV does not have that floor.

#1000AYSWITHTVS",0,0,0,{},0.249,False,0.151,False,0.336,False,0.216,False,0.31,False,0.237,False,0.784,True,0.015,False,0.972,True,0.192,False,59.7,76.3,35.1,3.7,25.2,56.5,98.1,infographic_text,0.999,False,False,False,587,0.06,0.94,0.0,-0.7531,negative,square (~1:1)
e50c9414-ef34-4c3e-b1aa-405ea48c4396,images/e50c9414-ef34-4c3e-b1aa-405ea48c4396.JPG,1032,1035,0.997,200.2,55.37,66.87,100.57,563.46,0.182,69.74,0.0423,0.743,0.729,0.5677,0.855,0.636,"[19, 16, 18]",0.711,dark/black,"[[[19, 16, 18], 0.711], [[181, 120, 67], 0.25], [[245, 243, 236], 0.039]]",the verv website,"THE VERDICT -

TATA GY |
WINS THE FIGHT :

ONPOINTS.
BUT VECV HAS “a: |

#100DAYSWITHTVS Tata CV vs VECV + Day 33 @ParthVerma + @TheValuationSchoc

H#1OODAYSWITHTVS",0,0,2,"{""truck"": 2}",0.098,False,0.042,False,0.551,True,0.441,False,0.821,True,0.804,True,0.863,True,0.03,False,0.928,True,0.21,False,50.0,66.4,34.7,3.4,1.6,83.9,99.6,infographic_text,0.993,False,False,False,164,0.069,0.792,0.139,0.2997,positive,square (~1:1)
eb393a23-35c4-4842-8c36-2ce4f02ef776,images/eb393a23-35c4-4842-8c36-2ce4f02ef776.JPG,1029,1032,0.997,146.0,30.53,61.01,43.79,757.49,0.11,54.33,0.0431,0.837,0.821,0.621,0.819,0.654,"[5, 5, 5]",0.832,dark/black,"[[[5, 5, 5], 0.832], [[151, 183, 149], 0.125], [[236, 89, 11], 0.043]]",the bad indian cycle,"THE CYCLE ARGUMENT

IN A BAD
INDIAN CV CYCLE
VEGV STILL EARNS
FROM EUROPE.

TATA MOTORS CV VECV

Revenue tied entirely to Indian CV Pithampur exports engines to Volvo
demand. When the cycle turns down, Europe. Ujjain supplies transmissions
the whole business feels it. to Volvo Asia and Oceania.

No international revenue floor. Indian slowdown hurts less when

Volvo is still buying.

INDIA ONLY INDIA + EUROPE + ASIA |

#1OODAYSWITHTVS Krish Poojari",0,0,0,{},0.3,False,0.056,False,0.377,False,0.765,True,0.67,True,0.194,False,0.756,True,0.002,False,0.887,True,0.083,False,18.5,72.3,22.5,3.7,21.8,10.9,95.8,infographic_text,1.0,True,False,True,451,0.173,0.827,0.0,-0.9226,negative,square (~1:1)
fd5e43b0-ab84-4012-855a-2f9e518738f2,images/fd5e43b0-ab84-4012-855a-2f9e518738f2.JPG,738,790,0.934,248.9,206.62,56.71,13.95,6352.21,-0.01,35.41,0.1918,0.777,0.76,0.4523,0.892,0.511,"[241, 241, 241]",0.663,white,"[[[241, 241, 241], 0.663], [[157, 173, 177], 0.216], [[75, 88, 92], 0.121]]",the front page of the news,"livemmint
Tata Motors, VECV
priced out of mega
electric bus tender

NeWDELHI

ew-age manu
have stormed India's
biggest electricbusten-
der, picking up nearly 80% of
the10,900¢-buseson offer as
part ofthe %10,900-crore PM.
E-Drivescheme, leavinglegacy
players with litle to show for
theirefforts,

Flush with recent invest-
‘ments, companies like PMI
Electro Mobility and Eka
Mobility offered aggressive,
lucrative pricing, securingcon=
for 5,210 and 3.485
e-buses, respectively. Among
other _manufacturers, only
Olectra Greentech—an estab
lished electric bus manufac-
turer—manageda partial win,
bagwing L785 ¢-buses.

Bigger names such as Tata
Motors and VE Commercial
Vehicles (VECY) drewa blank
whentheresultswere revealed
on Wednesday, according to
threeexecutivesdirectlyaware
ofthedevelopment. Chennai-
based! Ashok Leyland missed
the tender entirely due to a
technical glitch and_has
approached the Delhi High
Court.

Government officials and
industry executives spoke on
the condition ofanonymity as

New-age cos took 80% of
10,900 plannede-buses. snr

the results are so far only
known to the bidders and
haven't been made public.
Final letters of award tocach
playerareexpected toreachin
thenextfewweeks.
PMLElectroand Eka Mobil
triumphed inabiddingpro
‘cess that sw priceslowerthan
expected. A government off-
cial said on the condition of
anonymity that prices discov
‘ered varied for each city, and
‘were lowerbyabout5-15%than
previously estimated.
“There wasaguressive com
petition where manginswereas
Jowas20 paiseinsomeinstan-
ces. The new-age players
‘emerged victorious as they
foundabetterwaytooffertheir
‘e-busesat cheaperprices,” the

‘TURN TO PAGES

livemint

Tata Motors, VECV priced out
of mega electric bus tender

wassoaggeesdve that the di
Terence between the fir and
bide was. igh as
Tors Unally wedon twee
high margins”
key ifleretiatorfor Eka
Isitsdeep vertical integration
across the EV value chai
oupentitessichas
Pinnacle nds, VDP
‘nace ae insor ini,"" scom

ppany spokesperson said in Wining bidders are requred to supply e-buss 205s veces

Fesponmeoqgueries.
Aahok Ll declined 10
commment.“Asthematterissub | for winner
Jidice, weareunabletocom- | contracts.

sin executing the

‘ment futher unt ic fully | “Thisfsamasve operation:
adjudicated by the cour.” a | iinvohesrollig out alge

Spokesperson said, ‘umber of
‘Queriscmallediotheosher | wel-s

new uses where
ied bus systems

companiesthatparpatedin | already exist” said Surya

the tender remained nan’ | Kiran, for

ered.
“Thebusinessmodel
Asperthetenderconsions,

wind bidders are rele

fusandsodversanacee
ppl eines acros five | donot retsafety saan”

tities and will be paid on a |” Howlogaey players Lost

perkmbasisoveriO-ycar. | Thefingenceusivecie
aul tsesans pro: | Her guested tha the

Tata Motrsand
veces
vistors
iso sartUnlanambsed
from their trans- thetender
‘port authorities,  eitirely due toa
So, busmanufae- technical gfitch

“Tutinmany ma
ets, there as
aggressive pric
ing wiht
‘aslo ke

basen while operatorsyst | and caught thelexacy payers

nade e-bnes without | ofF guard
haningtoinvstinmanufacur | aed

the executive

ing ExcepPMI Electro Mail- | The eecricbusbidof Tata

ity, all other manufact
participated through a Met | ket i the

Motors Lid whichledthe ra

last two years, has

operate ‘allen 2025 ovingtoitsco
Executionchallenge | cemsabout previous tenders
Expertssittheshrersieof | model which required man
thctender would mean there | fctursstobearresporsbiity
‘would be an impact on the | forthecontracts Promleading
business of companies that | the market by selling 1462

have not won orders, while | e-bussin

2024, the company

pacrcerastDapreviiner: Antoni Prtpmoneieg aes §

Bengal Hyerabad Deh Suatand Abmedabad. wom

bus deliveries as por Vaan
poral

Tata sells two electric bus
ranges Sarbusand Uli. We
Iniveconsstenly hoes for
the inclusion of aset-light
‘model (ALND and pay
Seurity mechanism (PSM
Fundamentals for af
‘able al bankable ba
‘mode thecompanytokt Mint
tarles. “We chase tofollw

""

totheabsenceafthesewent
safeguards”

Notably, Tata Motors mise
comesalreatofco

its menger with aly based
weco, whic as offer
thedlectricbusspace.

‘Smarty, VECY, ai ven
treat Eicher Motorsand Se
den-based Volvo Group.
misout Ita parce
Inthe tender. through
GGreencel Mobily. The com
pany offlersits-busoffering.
Sine inthe indian market

Ashok Leyland’s Svitch
Mobility i inthe business of
selling e-buses in the country
Srulonrsea withthe Cena
ined nature aoa
‘Ohm Mobility. feet manage-
ment services provide.

persica oe 7",0,0,0,"{""train"": 2}",0.73,True,0.33,False,0.514,True,0.042,False,0.892,True,0.803,True,0.799,True,0.596,True,0.681,True,0.64,True,83.7,92.7,55.2,66.6,83.9,14.2,96.8,infographic_text,0.974,False,False,False,4557,0.024,0.937,0.04,0.9099,positive,square (~1:1)
fef89453-a309-4736-b89f-6d1cf7c89b55,images/fef89453-a309-4736-b89f-6d1cf7c89b55.JPG,636,787,0.808,106.9,89.31,76.17,79.2,618.97,-0.059,51.78,0.0627,0.8,0.571,0.4408,0.879,0.586,"[15, 16, 16]",0.425,dark/black,"[[[15, 16, 16], 0.425], [[162, 193, 216], 0.31], [[83, 99, 79], 0.264]]",tata motors and energy mobility solutions,"CMV360

TATA Motors And Green Energy Mobility
Solutions Ink Deal For 100 Magna EV
Intercity Buses",1,1,0,"{""person"": 1, ""bus"": 1}",0.209,False,0.238,False,0.282,False,0.291,False,0.913,True,0.446,False,0.904,True,0.994,True,0.984,True,0.476,False,83.2,80.8,82.4,98.7,45.7,55.6,96.0,infographic_text,0.827,True,True,False,97,0.0,0.787,0.213,0.4215,positive,portrait (<0.9)
olectra,images/olectra.png,1024,536,1.91,916.0,104.44,52.32,156.43,368.64,-0.312,95.89,0.0823,0.837,0.784,0.3387,0.879,0.56,"[51, 91, 222]",0.398,cool (blue),"[[[51, 91, 222], 0.398], [[41, 68, 139], 0.387], [[171, 190, 206], 0.215]]",a bus with blue seats and blue curtains,,0,0,0,{},0.059,False,0.248,False,0.228,False,0.583,True,0.237,False,0.81,True,0.84,True,1.0,True,0.534,True,0.953,True,84.3,65.0,89.6,96.2,49.7,45.0,99.3,indoor_studio,0.988,True,False,False,0,,,,,no_text,landscape (>1.1)
switch (1),images/switch (1).png,967,546,1.771,718.4,86.29,51.46,164.54,257.16,-0.205,93.04,0.0504,0.791,0.795,0.2655,0.909,0.401,"[36, 55, 120]",0.679,cool (blue),"[[[36, 55, 120], 0.679], [[128, 143, 186], 0.246], [[200, 177, 23], 0.074]]",a bus with blue seats and yellow trims,,0,0,0,{},0.015,False,0.261,False,0.153,False,0.008,False,0.039,False,0.278,False,0.733,True,1.0,True,0.912,True,0.842,True,71.8,93.4,82.7,96.6,81.3,1.7,99.6,indoor_studio,0.941,False,False,False,0,,,,,no_text,landscape (>1.1)
switch (2),images/switch (2).png,1176,795,1.479,1108.3,150.71,64.71,64.0,260.58,0.042,58.94,0.0491,0.818,0.757,0.4186,0.962,0.629,"[154, 143, 110]",0.396,warm (red/orange),"[[[154, 143, 110], 0.396], [[221, 220, 219], 0.357], [[65, 64, 61], 0.247]]",a bus with yellow and blue seats,,0,0,0,{},0.029,False,0.3,False,0.071,False,0.017,False,0.051,False,0.497,False,0.686,True,1.0,True,0.568,True,0.732,True,72.2,97.4,64.8,98.4,95.4,11.2,99.1,indoor_studio,0.962,False,False,False,0,,,,,no_text,landscape (>1.1)
switch (3),images/switch (3).png,973,544,1.789,752.9,110.45,61.91,70.87,348.27,0.044,57.26,0.0666,0.791,0.714,0.3083,0.772,0.508,"[53, 47, 43]",0.425,neutral/gray,"[[[53, 47, 43], 0.425], [[168, 196, 179], 0.306], [[138, 112, 89], 0.27]]",a car with a steering and a steering wheel,,0,0,0,{},0.031,False,0.53,True,0.808,True,0.073,False,0.453,False,0.973,True,0.388,False,0.843,True,0.225,False,0.365,False,74.8,83.5,27.7,59.3,96.2,59.4,96.5,indoor_studio,0.988,False,False,False,0,,,,,no_text,landscape (>1.1)
switch (4),images/switch (4).png,961,549,1.75,783.8,109.5,57.01,108.83,401.56,-0.068,64.08,0.0805,0.818,0.722,0.3509,0.723,0.54,"[109, 115, 109]",0.461,green,"[[[109, 115, 109], 0.461], [[157, 175, 207], 0.271], [[24, 37, 61], 0.267]]",a bus with yellow and blue seats,,0,4,0,"{""person"": 4}",0.049,False,0.426,False,0.419,False,0.085,False,0.592,True,0.514,True,0.791,True,1.0,True,0.368,False,0.771,True,65.1,99.7,56.6,91.2,96.3,21.1,95.0,indoor_studio,0.718,False,True,False,0,,,,,no_text,landscape (>1.1)
