comment_id,dominant_topic_id,dominant_topic_probability,provisional_topic_label,final_topic_label
c_3f225e0d09eb94f0a341,0,0.9545063972473145,Topic 0: buses / like / india,Public Transport Economics & Government Operating Models
c_40f539f698d6c536e194,7,0.5023266077041626,Topic 7: india / electric / china,"Supply-Chain Risk, Charging Alternatives & Service Gaps"
c_6b8c3481b7f05a7e512c,1,0.9548325538635254,Topic 1: hai / bus / ki,"Indian EV-Bus Adoption: R&D, Operations & User Experience"
c_035d86220abd628c7332,1,0.9487633109092712,Topic 1: hai / bus / ki,"Indian EV-Bus Adoption: R&D, Operations & User Experience"
c_f86b7fe1e5794bd14270,3,0.9137781858444214,Topic 3: india / bus / buses,"Public Infrastructure, Funding & Alternative Transit"
c_81251844778188004f9c,4,0.9883239269256592,Topic 4: bus / buses / battery,"Domestic Manufacturing, R&D & China Dependence"
c_760d4e8818591d2bedec,2,0.97292298078537,Topic 2: battery / bus / batteries,"Battery Technology, Swapping & Lifecycle Economics"
c_2f28f7137e7f81c5d0b0,1,0.6223853826522827,Topic 1: hai / bus / ki,"Indian EV-Bus Adoption: R&D, Operations & User Experience"
c_b84369acb4f10b7b65fb,4,0.9695539474487304,Topic 4: bus / buses / battery,"Domestic Manufacturing, R&D & China Dependence"
c_76720bcc01a31a9de205,7,0.9686349630355836,Topic 7: india / electric / china,"Supply-Chain Risk, Charging Alternatives & Service Gaps"
c_ee5503cc94a6ac058f6e,2,0.6366629004478455,Topic 2: battery / bus / batteries,"Battery Technology, Swapping & Lifecycle Economics"
c_56fd4f5a6dfbf0b563c2,1,0.9861049056053162,Topic 1: hai / bus / ki,"Indian EV-Bus Adoption: R&D, Operations & User Experience"
c_a027c41967d7a6293ed8,5,0.8399819731712341,Topic 5: china / bus / hai,"Tender Economics, Public Funding & Private Operators"
c_07194c74051e8b9c759c,5,0.8864754438400269,Topic 5: china / bus / hai,"Tender Economics, Public Funding & Private Operators"
c_e4af2a0a01870b327ea7,4,0.9831212162971495,Topic 4: bus / buses / battery,"Domestic Manufacturing, R&D & China Dependence"
c_448d8686fb7c4f3d24f6,5,0.9625831842422484,Topic 5: china / bus / hai,"Tender Economics, Public Funding & Private Operators"
c_529bc0280cec5b65e64b,0,0.9593246579170228,Topic 0: buses / like / india,Public Transport Economics & Government Operating Models
c_72b46bf521e36dc95a8a,4,0.930389165878296,Topic 4: bus / buses / battery,"Domestic Manufacturing, R&D & China Dependence"
c_0940994aa661f4714e05,7,0.9586682319641112,Topic 7: india / electric / china,"Supply-Chain Risk, Charging Alternatives & Service Gaps"
c_a75045817fa0cfd19d82,5,0.9393478631973268,Topic 5: china / bus / hai,"Tender Economics, Public Funding & Private Operators"
c_547f269237f2c97fc583,0,0.5713382363319397,Topic 0: buses / like / india,Public Transport Economics & Government Operating Models
c_bcc8ec783daf32dc65d9,4,0.959880530834198,Topic 4: bus / buses / battery,"Domestic Manufacturing, R&D & China Dependence"
c_7c9a309ab2191e94d624,0,0.9135354161262512,Topic 0: buses / like / india,Public Transport Economics & Government Operating Models
c_e236e579420bd84f00c9,4,0.6919777989387512,Topic 4: bus / buses / battery,"Domestic Manufacturing, R&D & China Dependence"
c_ad016e78d5daffd902ab,6,0.9473179578781128,Topic 6: olectra / india / bus,"New-Age OEM Execution, Reliability & Service Risk"
c_d7f1e3c8cb170f1fb7de,4,0.9147122502326964,Topic 4: bus / buses / battery,"Domestic Manufacturing, R&D & China Dependence"
c_3ec647c0c96c88dbe985,6,0.8860900402069092,Topic 6: olectra / india / bus,"New-Age OEM Execution, Reliability & Service Risk"
c_2b15bd013d9666b18c99,6,0.8860891461372375,Topic 6: olectra / india / bus,"New-Age OEM Execution, Reliability & Service Risk"
c_af5defc35ceeb424c852,3,0.9633225202560424,Topic 3: india / bus / buses,"Public Infrastructure, Funding & Alternative Transit"
c_cc24aa13cbba7df218e2,3,0.7343471050262451,Topic 3: india / bus / buses,"Public Infrastructure, Funding & Alternative Transit"
c_84935274f09f72c6cd31,2,0.9392942786216736,Topic 2: battery / bus / batteries,"Battery Technology, Swapping & Lifecycle Economics"
c_487517ac18513b920a67,0,0.7335996627807617,Topic 0: buses / like / india,Public Transport Economics & Government Operating Models
c_95c0d8e02e5c79d1cc7f,0,0.8884152770042419,Topic 0: buses / like / india,Public Transport Economics & Government Operating Models
c_e6798c4cb97fc2660787,7,0.9121410846710204,Topic 7: india / electric / china,"Supply-Chain Risk, Charging Alternatives & Service Gaps"
c_34cac8a8fd3aa3b07854,6,0.8860867023468018,Topic 6: olectra / india / bus,"New-Age OEM Execution, Reliability & Service Risk"
c_154a50bf72cd1819e95b,0,0.9483920335769652,Topic 0: buses / like / india,Public Transport Economics & Government Operating Models
c_d283039a743ec0566f1d,0,0.9403802156448364,Topic 0: buses / like / india,Public Transport Economics & Government Operating Models
c_805272a1547ecadc121b,3,0.5365527272224426,Topic 3: india / bus / buses,"Public Infrastructure, Funding & Alternative Transit"
c_16124e4cb5a4af2016d7,3,0.8887267112731934,Topic 3: india / bus / buses,"Public Infrastructure, Funding & Alternative Transit"
c_2180d10ec859bd8cb26d,0,0.9691321849822998,Topic 0: buses / like / india,Public Transport Economics & Government Operating Models
c_4a1495442092826f5d37,7,0.9121404886245728,Topic 7: india / electric / china,"Supply-Chain Risk, Charging Alternatives & Service Gaps"
c_e34dc9ec15251da3fe04,4,0.9805161952972412,Topic 4: bus / buses / battery,"Domestic Manufacturing, R&D & China Dependence"
c_2331c6e329446b79e0a5,7,0.9875885844230652,Topic 7: india / electric / china,"Supply-Chain Risk, Charging Alternatives & Service Gaps"
c_bc8a8cd50a2f6d386725,2,0.7287446856498718,Topic 2: battery / bus / batteries,"Battery Technology, Swapping & Lifecycle Economics"
c_b140ff29ad5ecdd6bbab,3,0.913777232170105,Topic 3: india / bus / buses,"Public Infrastructure, Funding & Alternative Transit"
c_dab4965e02bbafc383d4,0,0.9691320657730104,Topic 0: buses / like / india,Public Transport Economics & Government Operating Models
c_7d2183e12f507c1cedaf,6,0.4947671592235565,Topic 6: olectra / india / bus,"New-Age OEM Execution, Reliability & Service Risk"
c_1210ca691f8eb3edcafd,6,0.927954912185669,Topic 6: olectra / india / bus,"New-Age OEM Execution, Reliability & Service Risk"
c_a09aa8a8eb446f3b4fb4,0,0.9135356545448304,Topic 0: buses / like / india,Public Transport Economics & Government Operating Models
c_10a548e3a94eaf06eac3,5,0.8864742517471313,Topic 5: china / bus / hai,"Tender Economics, Public Funding & Private Operators"
c_400b60e6b2d0ac4d13a8,0,0.4935933649539947,Topic 0: buses / like / india,Public Transport Economics & Government Operating Models
c_78eca94f63832876565f,3,0.9137779474258424,Topic 3: india / bus / buses,"Public Infrastructure, Funding & Alternative Transit"
c_8a461c67af784acb937d,5,0.9537181854248048,Topic 5: china / bus / hai,"Tender Economics, Public Funding & Private Operators"
c_d7b001ad1eb3f7aeae3a,2,0.9474524855613708,Topic 2: battery / bus / batteries,"Battery Technology, Swapping & Lifecycle Economics"
c_9e209b6e6fd398c22343,0,0.9403799176216124,Topic 0: buses / like / india,Public Transport Economics & Government Operating Models
c_92691136e5ef2f8890f7,0,0.887869119644165,Topic 0: buses / like / india,Public Transport Economics & Government Operating Models
c_74c63552796f5828475e,3,0.9715084433555604,Topic 3: india / bus / buses,"Public Infrastructure, Funding & Alternative Transit"
c_087feedca339fe5aa7be,3,0.9296236634254456,Topic 3: india / bus / buses,"Public Infrastructure, Funding & Alternative Transit"
c_7d29d927c40bc387210b,1,0.9753068685531616,Topic 1: hai / bus / ki,"Indian EV-Bus Adoption: R&D, Operations & User Experience"
c_4f6814a1ede05317cbf5,1,0.9487628936767578,Topic 1: hai / bus / ki,"Indian EV-Bus Adoption: R&D, Operations & User Experience"
c_422347ee391bfc07c382,3,0.9137760996818542,Topic 3: india / bus / buses,"Public Infrastructure, Funding & Alternative Transit"
c_bc86d6fbf3fada0f1c7c,3,0.9812655448913574,Topic 3: india / bus / buses,"Public Infrastructure, Funding & Alternative Transit"
c_16f1cfd91abb2b2be25b,3,0.9296216368675232,Topic 3: india / bus / buses,"Public Infrastructure, Funding & Alternative Transit"
c_735f6b0eb726ae45cc08,2,0.9946020841598512,Topic 2: battery / bus / batteries,"Battery Technology, Swapping & Lifecycle Economics"
c_8d3f86eea5da5c02a0f0,6,0.9909754991531372,Topic 6: olectra / india / bus,"New-Age OEM Execution, Reliability & Service Risk"
c_01d6b01a8a8c198f0835,6,0.9857138395309448,Topic 6: olectra / india / bus,"New-Age OEM Execution, Reliability & Service Risk"
c_4e78b5b75d447f643cb6,0,0.9632209539413452,Topic 0: buses / like / india,Public Transport Economics & Government Operating Models
c_a4012e4ec13263484d8d,0,0.9403815865516664,Topic 0: buses / like / india,Public Transport Economics & Government Operating Models
c_e880ade1b41670d79d52,4,0.9490978717803956,Topic 4: bus / buses / battery,"Domestic Manufacturing, R&D & China Dependence"
c_4f6070d27603a17e2bd6,1,0.9299309849739076,Topic 1: hai / bus / ki,"Indian EV-Bus Adoption: R&D, Operations & User Experience"
c_e942d7da5186d9fe0413,6,0.886089563369751,Topic 6: olectra / india / bus,"New-Age OEM Execution, Reliability & Service Risk"
c_7115b3e018a21269b1ff,7,0.972978413105011,Topic 7: india / electric / china,"Supply-Chain Risk, Charging Alternatives & Service Gaps"
c_53efadab43f229f6997b,2,0.9281392693519592,Topic 2: battery / bus / batteries,"Battery Technology, Swapping & Lifecycle Economics"
c_3b0e8e1f3002d1226a26,3,0.9405480027198792,Topic 3: india / bus / buses,"Public Infrastructure, Funding & Alternative Transit"
c_fc57174b8735324bc4f2,1,0.973597288131714,Topic 1: hai / bus / ki,"Indian EV-Bus Adoption: R&D, Operations & User Experience"
c_7cf938a57fd46a763a0d,3,0.9485376477241516,Topic 3: india / bus / buses,"Public Infrastructure, Funding & Alternative Transit"
c_bc8b009f3181b685763e,4,0.9921802878379822,Topic 4: bus / buses / battery,"Domestic Manufacturing, R&D & China Dependence"
c_fe6329e31d26804628f9,3,0.8431496024131775,Topic 3: india / bus / buses,"Public Infrastructure, Funding & Alternative Transit"
c_3dfca24ddc92db0647ab,7,0.9788395762443542,Topic 7: india / electric / china,"Supply-Chain Risk, Charging Alternatives & Service Gaps"
c_86618d223b3065932d9c,7,0.98403400182724,Topic 7: india / electric / china,"Supply-Chain Risk, Charging Alternatives & Service Gaps"
c_8e815f5e1447967551ee,6,0.7280529141426086,Topic 6: olectra / india / bus,"New-Age OEM Execution, Reliability & Service Risk"
c_cc5a61122e175e4380bf,1,0.8438282012939453,Topic 1: hai / bus / ki,"Indian EV-Bus Adoption: R&D, Operations & User Experience"
c_7c4eccc9c7758be36af4,0,0.9135349988937378,Topic 0: buses / like / india,Public Transport Economics & Government Operating Models
c_dfa9e49641fff8ac1ae8,0,0.8427097797393799,Topic 0: buses / like / india,Public Transport Economics & Government Operating Models
c_d89939a3ab7f75a74e62,7,0.9586695432662964,Topic 7: india / electric / china,"Supply-Chain Risk, Charging Alternatives & Service Gaps"
c_a64bdfe4747d503b3710,5,0.962583303451538,Topic 5: china / bus / hai,"Tender Economics, Public Funding & Private Operators"
c_24de02a9002336ca1979,3,0.9633222222328186,Topic 3: india / bus / buses,"Public Infrastructure, Funding & Alternative Transit"
c_233b8473248155cad7a2,5,0.9282029271125792,Topic 5: china / bus / hai,"Tender Economics, Public Funding & Private Operators"
c_dea7aca161ddf3cbc2be,0,0.9135372042655944,Topic 0: buses / like / india,Public Transport Economics & Government Operating Models
c_55151b6dc88a34c1ad08,2,0.9474524855613708,Topic 2: battery / bus / batteries,"Battery Technology, Swapping & Lifecycle Economics"
c_af87662a2defe73b0596,5,0.9474985599517822,Topic 5: china / bus / hai,"Tender Economics, Public Funding & Private Operators"
c_21d695804815acc67d9e,5,0.8864785432815552,Topic 5: china / bus / hai,"Tender Economics, Public Funding & Private Operators"
c_9c2d2bb43efed453d07e,6,0.5193288922309875,Topic 6: olectra / india / bus,"New-Age OEM Execution, Reliability & Service Risk"
c_8d65c23511c7c4a3d96e,0,0.913537621498108,Topic 0: buses / like / india,Public Transport Economics & Government Operating Models
c_4dd85417abee27f4335d,2,0.7287407517433167,Topic 2: battery / bus / batteries,"Battery Technology, Swapping & Lifecycle Economics"
c_62f5af4a3b0926899117,2,0.9281405806541444,Topic 2: battery / bus / batteries,"Battery Technology, Swapping & Lifecycle Economics"
c_4f441da7d10b6654735d,5,0.9393492341041564,Topic 5: china / bus / hai,"Tender Economics, Public Funding & Private Operators"
c_e892f576a75c07a6c23e,1,0.9141560196876526,Topic 1: hai / bus / ki,"Indian EV-Bus Adoption: R&D, Operations & User Experience"
c_97bc45af4435c6a20a66,7,0.6529732346534729,Topic 7: india / electric / china,"Supply-Chain Risk, Charging Alternatives & Service Gaps"
c_b74c831b53fd3f655ba4,0,0.7335996031761169,Topic 0: buses / like / india,Public Transport Economics & Government Operating Models
c_399b1d4e04b5e87350fe,1,0.5986722707748413,Topic 1: hai / bus / ki,"Indian EV-Bus Adoption: R&D, Operations & User Experience"
c_d1fcd769cf36aabc3e65,5,0.9537180066108704,Topic 5: china / bus / hai,"Tender Economics, Public Funding & Private Operators"
c_0434d80f406fce439d02,4,0.98931223154068,Topic 4: bus / buses / battery,"Domestic Manufacturing, R&D & China Dependence"
c_da790b5810903e750e50,7,0.9799279570579528,Topic 7: india / electric / china,"Supply-Chain Risk, Charging Alternatives & Service Gaps"
c_098c72b3ee2d7284b5e1,4,0.6457740068435669,Topic 4: bus / buses / battery,"Domestic Manufacturing, R&D & China Dependence"
c_d6851bea7417fdf06261,3,0.9792332053184508,Topic 3: india / bus / buses,"Public Infrastructure, Funding & Alternative Transit"
c_06abd3cf6c8273952b96,6,0.8394362926483154,Topic 6: olectra / india / bus,"New-Age OEM Execution, Reliability & Service Risk"
c_604352549e38a7b690de,5,0.9658533334732056,Topic 5: china / bus / hai,"Tender Economics, Public Funding & Private Operators"
c_e82932ad050d22a2d8d2,5,0.7289882302284241,Topic 5: china / bus / hai,"Tender Economics, Public Funding & Private Operators"
c_f11802dced37e317abf9,1,0.9716320633888244,Topic 1: hai / bus / ki,"Indian EV-Bus Adoption: R&D, Operations & User Experience"
c_fba9469011c62f6422e0,1,0.6501398682594299,Topic 1: hai / bus / ki,"Indian EV-Bus Adoption: R&D, Operations & User Experience"
c_8fbdf59d9e178b1361d8,5,0.6016159057617188,Topic 5: china / bus / hai,"Tender Economics, Public Funding & Private Operators"
c_67c8d554a089cb0a03aa,2,0.9536765813827516,Topic 2: battery / bus / batteries,"Battery Technology, Swapping & Lifecycle Economics"
c_9393b0031c21b621d78a,7,0.9537714123725892,Topic 7: india / electric / china,"Supply-Chain Risk, Charging Alternatives & Service Gaps"
c_bdf0780bbffb932c9210,4,0.9411944150924684,Topic 4: bus / buses / battery,"Domestic Manufacturing, R&D & China Dependence"
c_979d0029973037fbdc3a,7,0.9626266360282898,Topic 7: india / electric / china,"Supply-Chain Risk, Charging Alternatives & Service Gaps"
c_bc962385f71bcc9af43c,4,0.9912803173065186,Topic 4: bus / buses / battery,"Domestic Manufacturing, R&D & China Dependence"
c_324a4556804445abbb2c,3,0.913776695728302,Topic 3: india / bus / buses,"Public Infrastructure, Funding & Alternative Transit"
c_f86e032547a2cbe875e5,3,0.9546332359313964,Topic 3: india / bus / buses,"Public Infrastructure, Funding & Alternative Transit"
c_0da57a83bac572425c3a,6,0.8860869407653809,Topic 6: olectra / india / bus,"New-Age OEM Execution, Reliability & Service Risk"
c_d60dad94cd63df7ce05e,2,0.972922682762146,Topic 2: battery / bus / batteries,"Battery Technology, Swapping & Lifecycle Economics"
c_f3a7c268c5c4a251c9d8,5,0.8864811062812805,Topic 5: china / bus / hai,"Tender Economics, Public Funding & Private Operators"
c_21882a535cc0bb666cd7,5,0.9393475651741028,Topic 5: china / bus / hai,"Tender Economics, Public Funding & Private Operators"
c_84b975f6649c2f7f6b0a,4,0.966894268989563,Topic 4: bus / buses / battery,"Domestic Manufacturing, R&D & China Dependence"
c_e09a463e41c1ec8f2888,0,0.683982253074646,Topic 0: buses / like / india,Public Transport Economics & Government Operating Models
c_7a93332ca8fe8c759537,3,0.95463365316391,Topic 3: india / bus / buses,"Public Infrastructure, Funding & Alternative Transit"
c_ef844b0f3f61b2da99d2,3,0.5957216024398804,Topic 3: india / bus / buses,"Public Infrastructure, Funding & Alternative Transit"
c_8168e51104973da0d5d2,5,0.9586204886436462,Topic 5: china / bus / hai,"Tender Economics, Public Funding & Private Operators"
c_5e612652559b755fbff9,7,0.9686349630355836,Topic 7: india / electric / china,"Supply-Chain Risk, Charging Alternatives & Service Gaps"
c_a107a5bc34aeffb34cb6,6,0.9746113419532776,Topic 6: olectra / india / bus,"New-Age OEM Execution, Reliability & Service Risk"
c_f19a1d7552705da04c05,0,0.7024852633476257,Topic 0: buses / like / india,Public Transport Economics & Government Operating Models
c_3bbbe2007cd7a0638673,7,0.9394205808639526,Topic 7: india / electric / china,"Supply-Chain Risk, Charging Alternatives & Service Gaps"
c_97cbae6b5ba77cfe3076,6,0.9117329120635986,Topic 6: olectra / india / bus,"New-Age OEM Execution, Reliability & Service Risk"
c_c2d09819261a9524b39b,5,0.7289873957633972,Topic 5: china / bus / hai,"Tender Economics, Public Funding & Private Operators"
c_08debac911a2eb66f567,0,0.9403823614120485,Topic 0: buses / like / india,Public Transport Economics & Government Operating Models
c_a066d474d6b7a2a9eca5,2,0.5687257647514343,Topic 2: battery / bus / batteries,"Battery Technology, Swapping & Lifecycle Economics"
c_0ff761b629b7ad250d21,4,0.9490984678268432,Topic 4: bus / buses / battery,"Domestic Manufacturing, R&D & China Dependence"
c_46fc15a50b8c23a70f87,2,0.974676787853241,Topic 2: battery / bus / batteries,"Battery Technology, Swapping & Lifecycle Economics"
c_b3b3066315c97df1e12d,0,0.9403820633888244,Topic 0: buses / like / india,Public Transport Economics & Government Operating Models
c_be9b9a79c4eef23d3884,4,0.9668933153152466,Topic 4: bus / buses / battery,"Domestic Manufacturing, R&D & China Dependence"
c_fb1100afdebffcfa4c90,1,0.9927293062210084,Topic 1: hai / bus / ki,"Indian EV-Bus Adoption: R&D, Operations & User Experience"
c_5fdd0ca11b36cd1de166,0,0.9403813481330872,Topic 0: buses / like / india,Public Transport Economics & Government Operating Models
c_1d3848e6cb9905df0f28,0,0.9403817057609558,Topic 0: buses / like / india,Public Transport Economics & Government Operating Models
c_4c2e910cd9aeb8ffa75a,5,0.735744833946228,Topic 5: china / bus / hai,"Tender Economics, Public Funding & Private Operators"
c_c4ff630b0fbcd5fd3fd6,4,0.889939546585083,Topic 4: bus / buses / battery,"Domestic Manufacturing, R&D & China Dependence"
c_2e9b7e412b733e753601,1,0.9889292120933532,Topic 1: hai / bus / ki,"Indian EV-Bus Adoption: R&D, Operations & User Experience"
c_9881cc4f672184a409de,5,0.9788143634796144,Topic 5: china / bus / hai,"Tender Economics, Public Funding & Private Operators"
c_ebbc38aa6c41356275ad,6,0.9862160682678224,Topic 6: olectra / india / bus,"New-Age OEM Execution, Reliability & Service Risk"
c_af84c81ad767be0ebd39,5,0.9282024502754213,Topic 5: china / bus / hai,"Tender Economics, Public Funding & Private Operators"
c_8d7e28669deef673e5e1,2,0.8863803744316101,Topic 2: battery / bus / batteries,"Battery Technology, Swapping & Lifecycle Economics"
c_6d06e2752057423ce16e,1,0.9408084154129028,Topic 1: hai / bus / ki,"Indian EV-Bus Adoption: R&D, Operations & User Experience"
c_b7b80ce862359815656a,1,0.954831600189209,Topic 1: hai / bus / ki,"Indian EV-Bus Adoption: R&D, Operations & User Experience"
c_41e186fca1ddf4db57f8,0,0.9714286923408508,Topic 0: buses / like / india,Public Transport Economics & Government Operating Models
c_b0d91afb531e8af190b1,7,0.9809098839759828,Topic 7: india / electric / china,"Supply-Chain Risk, Charging Alternatives & Service Gaps"
c_a62878f5624f6affcec2,3,0.966528594493866,Topic 3: india / bus / buses,"Public Infrastructure, Funding & Alternative Transit"
c_eadc78000200a5f07082,6,0.9875311851501464,Topic 6: olectra / india / bus,"New-Age OEM Execution, Reliability & Service Risk"
c_d30367f059dc8589ed1c,4,0.6459200978279114,Topic 4: bus / buses / battery,"Domestic Manufacturing, R&D & China Dependence"
c_03c4d25dec2605b7f00f,0,0.9919050931930542,Topic 0: buses / like / india,Public Transport Economics & Government Operating Models
c_48f76d912d8408569922,1,0.5158182978630066,Topic 1: hai / bus / ki,"Indian EV-Bus Adoption: R&D, Operations & User Experience"
c_1d1deaa46afad335ab86,7,0.9475603699684144,Topic 7: india / electric / china,"Supply-Chain Risk, Charging Alternatives & Service Gaps"
c_234d465832749b944ef1,4,0.563138484954834,Topic 4: bus / buses / battery,"Domestic Manufacturing, R&D & China Dependence"
c_620c455cb07c32a9e62c,6,0.9279561042785645,Topic 6: olectra / india / bus,"New-Age OEM Execution, Reliability & Service Risk"
c_367c932ce42505ab7b3d,7,0.7293070554733276,Topic 7: india / electric / china,"Supply-Chain Risk, Charging Alternatives & Service Gaps"
c_322f93e9b895575d585d,0,0.6359697580337524,Topic 0: buses / like / india,Public Transport Economics & Government Operating Models
c_8db24939a3640416131d,5,0.974698543548584,Topic 5: china / bus / hai,"Tender Economics, Public Funding & Private Operators"
c_0a79f1780ac81d921cad,2,0.6833291053771973,Topic 2: battery / bus / batteries,"Battery Technology, Swapping & Lifecycle Economics"
c_2bbd40cb22b9bb8f42b3,0,0.9294261932373048,Topic 0: buses / like / india,Public Transport Economics & Government Operating Models
c_4115900eba48ae10129e,7,0.8401692509651184,Topic 7: india / electric / china,"Supply-Chain Risk, Charging Alternatives & Service Gaps"
c_a4d90fc6229988a3cffa,3,0.9485371112823486,Topic 3: india / bus / buses,"Public Infrastructure, Funding & Alternative Transit"
c_3a1e5df17c48f0209e79,3,0.9734817147254944,Topic 3: india / bus / buses,"Public Infrastructure, Funding & Alternative Transit"
c_7de9f3bce9bb03809f60,2,0.6642605066299438,Topic 2: battery / bus / batteries,"Battery Technology, Swapping & Lifecycle Economics"
c_a8c3d1863924c20cf08a,5,0.8864779472351074,Topic 5: china / bus / hai,"Tender Economics, Public Funding & Private Operators"
c_9c5fb324a383d0f3ad96,4,0.9147189259529114,Topic 4: bus / buses / battery,"Domestic Manufacturing, R&D & China Dependence"
c_0fad50f1ce140664ad5f,0,0.9751296043395996,Topic 0: buses / like / india,Public Transport Economics & Government Operating Models
c_c14585c44d7e43dbe097,7,0.9658935070037842,Topic 7: india / electric / china,"Supply-Chain Risk, Charging Alternatives & Service Gaps"
c_6328617c7ee84f424d87,0,0.9632202982902528,Topic 0: buses / like / india,Public Transport Economics & Government Operating Models
c_37eb772dd21f329c575b,2,0.9474535584449768,Topic 2: battery / bus / batteries,"Battery Technology, Swapping & Lifecycle Economics"
c_1e14ff30de25f8c32fec,5,0.8864803314208984,Topic 5: china / bus / hai,"Tender Economics, Public Funding & Private Operators"
c_802787e8aa9546a7f8cc,2,0.5340945720672607,Topic 2: battery / bus / batteries,"Battery Technology, Swapping & Lifecycle Economics"
c_c48b192d818bee28d9a1,6,0.886084794998169,Topic 6: olectra / india / bus,"New-Age OEM Execution, Reliability & Service Risk"
c_e48605f66308b520b607,3,0.975199282169342,Topic 3: india / bus / buses,"Public Infrastructure, Funding & Alternative Transit"
c_e48d7ffb742a6834496a,2,0.6820098161697388,Topic 2: battery / bus / batteries,"Battery Technology, Swapping & Lifecycle Economics"
c_244af064da13f1f34b52,7,0.9121425151824952,Topic 7: india / electric / china,"Supply-Chain Risk, Charging Alternatives & Service Gaps"
c_7c8b8b1a8e22afd09b6a,4,0.930389165878296,Topic 4: bus / buses / battery,"Domestic Manufacturing, R&D & China Dependence"
c_bee7f0553eafa76ee8b1,0,0.973406970500946,Topic 0: buses / like / india,Public Transport Economics & Government Operating Models
c_63637f00f029bb17a73a,1,0.7538331747055054,Topic 1: hai / bus / ki,"Indian EV-Bus Adoption: R&D, Operations & User Experience"
c_39fa56e5bfd74233d9bb,3,0.9405480027198792,Topic 3: india / bus / buses,"Public Infrastructure, Funding & Alternative Transit"
c_eaad9ba28f6a5db239a5,6,0.927956223487854,Topic 6: olectra / india / bus,"New-Age OEM Execution, Reliability & Service Risk"
c_662331aeb9946857b412,6,0.8860900402069092,Topic 6: olectra / india / bus,"New-Age OEM Execution, Reliability & Service Risk"
c_a31b44e49b94a4872c9a,1,0.4922302663326263,Topic 1: hai / bus / ki,"Indian EV-Bus Adoption: R&D, Operations & User Experience"
c_05fb9da593bfe3108ce7,4,0.3966045677661896,Topic 4: bus / buses / battery,"Domestic Manufacturing, R&D & China Dependence"
c_5993d315c0fe4ca2dc2a,7,0.9626273512840272,Topic 7: india / electric / china,"Supply-Chain Risk, Charging Alternatives & Service Gaps"
c_3499527bc397a18be85f,7,0.9537724256515504,Topic 7: india / electric / china,"Supply-Chain Risk, Charging Alternatives & Service Gaps"
c_d570f16e592f0e9d2ea5,0,0.5785693526268005,Topic 0: buses / like / india,Public Transport Economics & Government Operating Models
c_97922e35efc31be561aa,2,0.7617649435997009,Topic 2: battery / bus / batteries,"Battery Technology, Swapping & Lifecycle Economics"
c_8a6086b058bdb24b0fc2,1,0.9822170734405518,Topic 1: hai / bus / ki,"Indian EV-Bus Adoption: R&D, Operations & User Experience"
c_abf6d21d28d616dd95a6,5,0.7289848327636719,Topic 5: china / bus / hai,"Tender Economics, Public Funding & Private Operators"
c_408e84cabc0946d6589d,4,0.9769614934921264,Topic 4: bus / buses / battery,"Domestic Manufacturing, R&D & China Dependence"
c_783d849db9e547e1cd1b,1,0.8892122507095337,Topic 1: hai / bus / ki,"Indian EV-Bus Adoption: R&D, Operations & User Experience"
c_a7a7d307229c85c05a8b,7,0.9282881617546082,Topic 7: india / electric / china,"Supply-Chain Risk, Charging Alternatives & Service Gaps"
c_99256958f6f4ec6f6f41,1,0.8892119526863098,Topic 1: hai / bus / ki,"Indian EV-Bus Adoption: R&D, Operations & User Experience"
c_bd491926d6810bcaecae,4,0.9147180914878844,Topic 4: bus / buses / battery,"Domestic Manufacturing, R&D & China Dependence"
c_da2c50c84faf31c1da9a,3,0.988548219203949,Topic 3: india / bus / buses,"Public Infrastructure, Funding & Alternative Transit"
c_be30a5ae4d26ea8f4999,5,0.5678075551986694,Topic 5: china / bus / hai,"Tender Economics, Public Funding & Private Operators"
c_c477fc07f070b1542183,4,0.8448606729507446,Topic 4: bus / buses / battery,"Domestic Manufacturing, R&D & China Dependence"
c_57839a65b7faa61605ba,6,0.8860878944396973,Topic 6: olectra / india / bus,"New-Age OEM Execution, Reliability & Service Risk"
c_fe99e14013f83b77b965,1,0.9768095016479492,Topic 1: hai / bus / ki,"Indian EV-Bus Adoption: R&D, Operations & User Experience"
c_8d88425c997161ec0825,1,0.7916000485420227,Topic 1: hai / bus / ki,"Indian EV-Bus Adoption: R&D, Operations & User Experience"
c_24a929dffaa68dcfeacc,2,0.9281398057937622,Topic 2: battery / bus / batteries,"Battery Technology, Swapping & Lifecycle Economics"
c_c23a8bc993e7b45330c8,1,0.8438378572463989,Topic 1: hai / bus / ki,"Indian EV-Bus Adoption: R&D, Operations & User Experience"
c_b9d510e4ccaf4689b1b4,1,0.6218146681785583,Topic 1: hai / bus / ki,"Indian EV-Bus Adoption: R&D, Operations & User Experience"
c_3952f07844299b4238d5,6,0.9535582661628724,Topic 6: olectra / india / bus,"New-Age OEM Execution, Reliability & Service Risk"
c_cb853af8028ef1eb1723,2,0.9119603037834167,Topic 2: battery / bus / batteries,"Battery Technology, Swapping & Lifecycle Economics"
c_1eee9ed5d50861f7a49e,4,0.9838411211967468,Topic 4: bus / buses / battery,"Domestic Manufacturing, R&D & China Dependence"
c_1da677a2070fd51ecca5,3,0.8887264132499695,Topic 3: india / bus / buses,"Public Infrastructure, Funding & Alternative Transit"
c_694e2195b59867044b68,3,0.9751989841461182,Topic 3: india / bus / buses,"Public Infrastructure, Funding & Alternative Transit"
c_71d02e5f9ca7609b7b59,1,0.9666748642921448,Topic 1: hai / bus / ki,"Indian EV-Bus Adoption: R&D, Operations & User Experience"
c_e77e509117d28d4f2f92,0,0.9483917951583862,Topic 0: buses / like / india,Public Transport Economics & Government Operating Models
c_fb5a56e187813bf05bb1,7,0.8866152167320251,Topic 7: india / electric / china,"Supply-Chain Risk, Charging Alternatives & Service Gaps"
c_fa73e47acef7cc3e5b91,5,0.97093403339386,Topic 5: china / bus / hai,"Tender Economics, Public Funding & Private Operators"
c_db7a80da68ee3b5a274a,4,0.99340558052063,Topic 4: bus / buses / battery,"Domestic Manufacturing, R&D & China Dependence"
c_19eb4265f6206f4e31ca,1,0.9408077597618104,Topic 1: hai / bus / ki,"Indian EV-Bus Adoption: R&D, Operations & User Experience"
c_a6a9f5a4f3b37a2961a8,1,0.9716325998306274,Topic 1: hai / bus / ki,"Indian EV-Bus Adoption: R&D, Operations & User Experience"
c_cf50a393528da8942fd8,7,0.8866090774536133,Topic 7: india / electric / china,"Supply-Chain Risk, Charging Alternatives & Service Gaps"
c_4a3bafd14dec6a9e5d11,4,0.9147179126739502,Topic 4: bus / buses / battery,"Domestic Manufacturing, R&D & China Dependence"
c_2851df4f0eecfdb92be7,1,0.9693522453308104,Topic 1: hai / bus / ki,"Indian EV-Bus Adoption: R&D, Operations & User Experience"
c_1793b0c09288132f569e,4,0.9147172570228576,Topic 4: bus / buses / battery,"Domestic Manufacturing, R&D & China Dependence"
c_925be51bebc3f00065e9,4,0.9908597469329834,Topic 4: bus / buses / battery,"Domestic Manufacturing, R&D & China Dependence"
c_f02b98da0911491de538,7,0.8401715159416199,Topic 7: india / electric / china,"Supply-Chain Risk, Charging Alternatives & Service Gaps"
c_1adf6e9e58e7bce249b1,7,0.9537721276283264,Topic 7: india / electric / china,"Supply-Chain Risk, Charging Alternatives & Service Gaps"
c_32d6ff045424e08dcd67,1,0.9548311829566956,Topic 1: hai / bus / ki,"Indian EV-Bus Adoption: R&D, Operations & User Experience"
c_e50b32ad17858c9a2dba,4,0.979459285736084,Topic 4: bus / buses / battery,"Domestic Manufacturing, R&D & China Dependence"
c_7ffe85b5626b5f418bda,5,0.8864799737930298,Topic 5: china / bus / hai,"Tender Economics, Public Funding & Private Operators"
c_d03bbafac320803293e3,4,0.9851114749908448,Topic 4: bus / buses / battery,"Domestic Manufacturing, R&D & China Dependence"
c_2d7156020209c52333ed,6,0.9728532433509828,Topic 6: olectra / india / bus,"New-Age OEM Execution, Reliability & Service Risk"
c_3c0f0aac34792e810482,5,0.5960237979888916,Topic 5: china / bus / hai,"Tender Economics, Public Funding & Private Operators"
c_f1e5eb091e25bdec9b69,4,0.5764290690422058,Topic 4: bus / buses / battery,"Domestic Manufacturing, R&D & China Dependence"
c_9f8873ab09aa41d52903,7,0.8866130709648132,Topic 7: india / electric / china,"Supply-Chain Risk, Charging Alternatives & Service Gaps"
c_7b8ca7166af75c410b62,2,0.9808703660964966,Topic 2: battery / bus / batteries,"Battery Technology, Swapping & Lifecycle Economics"
c_2f8a437b9a7ab575be08,0,0.7293566465377808,Topic 0: buses / like / india,Public Transport Economics & Government Operating Models
c_54751a0885a6ead74b1b,0,0.9714288115501404,Topic 0: buses / like / india,Public Transport Economics & Government Operating Models
c_e8808a7e6094ef0fb709,3,0.9485380053520204,Topic 3: india / bus / buses,"Public Infrastructure, Funding & Alternative Transit"
c_79737598d03fd5ea2e8f,3,0.5587158203125,Topic 3: india / bus / buses,"Public Infrastructure, Funding & Alternative Transit"
c_388592e9a5e8fa259e9b,7,0.9121412634849548,Topic 7: india / electric / china,"Supply-Chain Risk, Charging Alternatives & Service Gaps"
c_12232ebb367b70a882e7,2,0.8863804340362549,Topic 2: battery / bus / batteries,"Battery Technology, Swapping & Lifecycle Economics"
c_4cd1a813e2b94ec54f08,0,0.7336017489433289,Topic 0: buses / like / india,Public Transport Economics & Government Operating Models
c_ed14d16e0cdd980f8ef2,4,0.987952470779419,Topic 4: bus / buses / battery,"Domestic Manufacturing, R&D & China Dependence"
c_0e1094360c0488669630,0,0.9779813885688782,Topic 0: buses / like / india,Public Transport Economics & Government Operating Models
c_3dc52cecc356158b89e6,0,0.8427140116691589,Topic 0: buses / like / india,Public Transport Economics & Government Operating Models
c_16ce285c15ef0e8a6e87,1,0.8438369631767273,Topic 1: hai / bus / ki,"Indian EV-Bus Adoption: R&D, Operations & User Experience"
c_4678cea7d2d2983e5fd2,6,0.9279555678367616,Topic 6: olectra / india / bus,"New-Age OEM Execution, Reliability & Service Risk"
c_d126f8b6da5975bad834,5,0.9889764189720154,Topic 5: china / bus / hai,"Tender Economics, Public Funding & Private Operators"
c_cb9eeced216a129f5b6d,4,0.9906336665153505,Topic 4: bus / buses / battery,"Domestic Manufacturing, R&D & China Dependence"
c_f92d7896fa0ca24d3fec,1,0.9910160899162292,Topic 1: hai / bus / ki,"Indian EV-Bus Adoption: R&D, Operations & User Experience"
c_77ee7b395277896e4451,2,0.9709084630012512,Topic 2: battery / bus / batteries,"Battery Technology, Swapping & Lifecycle Economics"
c_d5ba6444ab7d355de256,5,0.9658529758453368,Topic 5: china / bus / hai,"Tender Economics, Public Funding & Private Operators"
c_d932a0fc764cd3537a46,7,0.9537712335586548,Topic 7: india / electric / china,"Supply-Chain Risk, Charging Alternatives & Service Gaps"
c_d5a85b1b26251b961f4d,0,0.9919049739837646,Topic 0: buses / like / india,Public Transport Economics & Government Operating Models
c_070dde7496a82868d387,7,0.8401740789413452,Topic 7: india / electric / china,"Supply-Chain Risk, Charging Alternatives & Service Gaps"
c_f6708b39ba8469464301,1,0.7497669458389282,Topic 1: hai / bus / ki,"Indian EV-Bus Adoption: R&D, Operations & User Experience"
c_5c7722186f8c5b588972,1,0.954830288887024,Topic 1: hai / bus / ki,"Indian EV-Bus Adoption: R&D, Operations & User Experience"
c_2bc25201a48ddd2efc78,2,0.9658228158950806,Topic 2: battery / bus / batteries,"Battery Technology, Swapping & Lifecycle Economics"
c_245f294799f580ffaf65,6,0.9117359519004822,Topic 6: olectra / india / bus,"New-Age OEM Execution, Reliability & Service Risk"
c_85935c8e71ad2d43cdf5,3,0.9594382643699646,Topic 3: india / bus / buses,"Public Infrastructure, Funding & Alternative Transit"
c_599dd8f32ccb253f5083,0,0.7191640734672546,Topic 0: buses / like / india,Public Transport Economics & Government Operating Models
c_8b5b70cca6fa95b362d2,4,0.9851110577583312,Topic 4: bus / buses / battery,"Domestic Manufacturing, R&D & China Dependence"
c_19ccae4710e60f7b358f,6,0.9117327928543092,Topic 6: olectra / india / bus,"New-Age OEM Execution, Reliability & Service Risk"
c_e64d96586c3932bd48b4,5,0.6847796440124512,Topic 5: china / bus / hai,"Tender Economics, Public Funding & Private Operators"
c_2149c611a383b784432c,0,0.8884150385856628,Topic 0: buses / like / india,Public Transport Economics & Government Operating Models
c_a1a567704543e011482c,2,0.9833186268806458,Topic 2: battery / bus / batteries,"Battery Technology, Swapping & Lifecycle Economics"
c_aeb35dd4cd6fc68e5cbc,7,0.8401684761047363,Topic 7: india / electric / china,"Supply-Chain Risk, Charging Alternatives & Service Gaps"
c_070049f747f637be194d,5,0.9474987387657166,Topic 5: china / bus / hai,"Tender Economics, Public Funding & Private Operators"
c_d72eb4ae2f4f27969d69,0,0.929426908493042,Topic 0: buses / like / india,Public Transport Economics & Government Operating Models
c_6413bf8cb2a84fcdd9a1,5,0.8864773511886597,Topic 5: china / bus / hai,"Tender Economics, Public Funding & Private Operators"
c_ff41c43509853c762c93,2,0.4848584532737732,Topic 2: battery / bus / batteries,"Battery Technology, Swapping & Lifecycle Economics"
c_7043e9e3dce0d9bbec8b,0,0.9294237494468688,Topic 0: buses / like / india,Public Transport Economics & Government Operating Models
c_fc3eec77f4c5ebe0daae,6,0.9624539613723756,Topic 6: olectra / india / bus,"New-Age OEM Execution, Reliability & Service Risk"
c_85c0103c06365443379b,5,0.9282020926475524,Topic 5: china / bus / hai,"Tender Economics, Public Funding & Private Operators"
c_2d4a556aca57390c069e,7,0.8401714563369751,Topic 7: india / electric / china,"Supply-Chain Risk, Charging Alternatives & Service Gaps"
c_a15320f08436b21f7b30,7,0.8866111636161804,Topic 7: india / electric / china,"Supply-Chain Risk, Charging Alternatives & Service Gaps"
c_fcc82f9da8828abac114,5,0.9762378334999084,Topic 5: china / bus / hai,"Tender Economics, Public Funding & Private Operators"
c_acc9176f6c75c01cef83,7,0.6635832786560059,Topic 7: india / electric / china,"Supply-Chain Risk, Charging Alternatives & Service Gaps"
c_91716076a59c7605a781,1,0.4941425323486328,Topic 1: hai / bus / ki,"Indian EV-Bus Adoption: R&D, Operations & User Experience"
c_168dba274208959ff5a4,5,0.8399865627288818,Topic 5: china / bus / hai,"Tender Economics, Public Funding & Private Operators"
c_e42aa2928229266e3e13,1,0.9596156477928162,Topic 1: hai / bus / ki,"Indian EV-Bus Adoption: R&D, Operations & User Experience"
c_3c12a4756cdefba5f2be,7,0.9709677696228028,Topic 7: india / electric / china,"Supply-Chain Risk, Charging Alternatives & Service Gaps"
c_ecf341fed4e91e166d82,1,0.9408065676689148,Topic 1: hai / bus / ki,"Indian EV-Bus Adoption: R&D, Operations & User Experience"
c_ca04dc6adc8cf8fce65e,6,0.9584784507751464,Topic 6: olectra / india / bus,"New-Age OEM Execution, Reliability & Service Risk"
c_d1829ea567dcc9640e7e,2,0.4486230909824371,Topic 2: battery / bus / batteries,"Battery Technology, Swapping & Lifecycle Economics"
c_fc740e1afbf633358cbd,1,0.9813473224639891,Topic 1: hai / bus / ki,"Indian EV-Bus Adoption: R&D, Operations & User Experience"
c_335b03be81ee3385a287,7,0.9121401906013488,Topic 7: india / electric / china,"Supply-Chain Risk, Charging Alternatives & Service Gaps"
c_f51fbcaba2750bae058f,3,0.9546330571174622,Topic 3: india / bus / buses,"Public Infrastructure, Funding & Alternative Transit"
c_8de7a8c95b16f302d45c,2,0.9798867106437684,Topic 2: battery / bus / batteries,"Battery Technology, Swapping & Lifecycle Economics"
c_dd9e54e077a5f1b2e5ee,2,0.9281389713287354,Topic 2: battery / bus / batteries,"Battery Technology, Swapping & Lifecycle Economics"
c_de54ee3e67e1a97dff57,1,0.7355040311813354,Topic 1: hai / bus / ki,"Indian EV-Bus Adoption: R&D, Operations & User Experience"
c_9ed3412d13b684d6fb32,7,0.9709681272506714,Topic 7: india / electric / china,"Supply-Chain Risk, Charging Alternatives & Service Gaps"
c_8637ef0e8034d92553c0,0,0.913533091545105,Topic 0: buses / like / india,Public Transport Economics & Government Operating Models
c_353b3fe9e5168017ad7b,4,0.7032104134559631,Topic 4: bus / buses / battery,"Domestic Manufacturing, R&D & China Dependence"
c_703b23857274f2e66530,1,0.8892095685005188,Topic 1: hai / bus / ki,"Indian EV-Bus Adoption: R&D, Operations & User Experience"
c_c375014a9a600587c992,4,0.9769607782363892,Topic 4: bus / buses / battery,"Domestic Manufacturing, R&D & China Dependence"
c_31c76f931de34253fe25,0,0.4632472693920135,Topic 0: buses / like / india,Public Transport Economics & Government Operating Models
c_de70ef920dfaa338cb62,6,0.9279568195343018,Topic 6: olectra / india / bus,"New-Age OEM Execution, Reliability & Service Risk"
c_29433b8c3f09d401c4f4,6,0.9391400218009948,Topic 6: olectra / india / bus,"New-Age OEM Execution, Reliability & Service Risk"
c_d0dde4b4701cb3507c17,2,0.9585835933685304,Topic 2: battery / bus / batteries,"Battery Technology, Swapping & Lifecycle Economics"
c_4e6073ce02502ab1612b,3,0.8431511521339417,Topic 3: india / bus / buses,"Public Infrastructure, Funding & Alternative Transit"
c_315093215950f2c85056,2,0.9762163758277892,Topic 2: battery / bus / batteries,"Battery Technology, Swapping & Lifecycle Economics"
c_86399321ef1336ea1c42,2,0.9685699343681335,Topic 2: battery / bus / batteries,"Battery Technology, Swapping & Lifecycle Economics"
c_75d937f8a52eac929ae7,3,0.9405489563941956,Topic 3: india / bus / buses,"Public Infrastructure, Funding & Alternative Transit"
c_bf354aefa219131ba5c2,3,0.5895820260047913,Topic 3: india / bus / buses,"Public Infrastructure, Funding & Alternative Transit"
c_01f1026ed9ca94489ad3,0,0.9766421914100648,Topic 0: buses / like / india,Public Transport Economics & Government Operating Models
c_0c2b907b2e707c6e0bb1,1,0.914153218269348,Topic 1: hai / bus / ki,"Indian EV-Bus Adoption: R&D, Operations & User Experience"
c_ee83850261269c880302,4,0.58794766664505,Topic 4: bus / buses / battery,"Domestic Manufacturing, R&D & China Dependence"
c_1fe31c655d1ddcc71026,2,0.8398438096046448,Topic 2: battery / bus / batteries,"Battery Technology, Swapping & Lifecycle Economics"
c_8828169eaa5362df5530,1,0.973597526550293,Topic 1: hai / bus / ki,"Indian EV-Bus Adoption: R&D, Operations & User Experience"
c_bbd2776dd4f92e32e1ce,5,0.9120374917984008,Topic 5: china / bus / hai,"Tender Economics, Public Funding & Private Operators"
c_4908e08822136effeb4a,4,0.9490963220596312,Topic 4: bus / buses / battery,"Domestic Manufacturing, R&D & China Dependence"
c_504382c38e86033666eb,4,0.9303883910179138,Topic 4: bus / buses / battery,"Domestic Manufacturing, R&D & China Dependence"
c_67436f4ba3719a795d7d,1,0.9487590789794922,Topic 1: hai / bus / ki,"Indian EV-Bus Adoption: R&D, Operations & User Experience"
c_ca5583a8853fc054fa41,4,0.9490982890129088,Topic 4: bus / buses / battery,"Domestic Manufacturing, R&D & China Dependence"
c_739a3154c28d55ffb716,6,0.9473178386688232,Topic 6: olectra / india / bus,"New-Age OEM Execution, Reliability & Service Risk"
c_f16412072627b405f158,5,0.9474981427192688,Topic 5: china / bus / hai,"Tender Economics, Public Funding & Private Operators"
c_f46234ef2b780f2d5df3,1,0.838121235370636,Topic 1: hai / bus / ki,"Indian EV-Bus Adoption: R&D, Operations & User Experience"
c_c4467ab036eea96207b8,2,0.9585826992988586,Topic 2: battery / bus / batteries,"Battery Technology, Swapping & Lifecycle Economics"
c_9dea76f3b4c33ed41803,1,0.9487613439559937,Topic 1: hai / bus / ki,"Indian EV-Bus Adoption: R&D, Operations & User Experience"
c_665ee127f301a88dd1fa,2,0.953677237033844,Topic 2: battery / bus / batteries,"Battery Technology, Swapping & Lifecycle Economics"
c_7692c7e256d233231a4f,1,0.5465844869613647,Topic 1: hai / bus / ki,"Indian EV-Bus Adoption: R&D, Operations & User Experience"
c_4c2213aca98c73644aba,4,0.949098825454712,Topic 4: bus / buses / battery,"Domestic Manufacturing, R&D & China Dependence"
c_f90ded9f8e8973d60b0d,4,0.9551276564598083,Topic 4: bus / buses / battery,"Domestic Manufacturing, R&D & China Dependence"
c_8c590d5f01ce07da626d,0,0.954505443572998,Topic 0: buses / like / india,Public Transport Economics & Government Operating Models
c_806e62737160fad0fa4a,0,0.6053142547607422,Topic 0: buses / like / india,Public Transport Economics & Government Operating Models
c_93685a8fd54658c24376,3,0.9665287137031556,Topic 3: india / bus / buses,"Public Infrastructure, Funding & Alternative Transit"
c_9fe87c0a34766ea52a01,4,0.9490975737571716,Topic 4: bus / buses / battery,"Domestic Manufacturing, R&D & China Dependence"
c_b723d3fde41c10ba2853,6,0.9391398429870604,Topic 6: olectra / india / bus,"New-Age OEM Execution, Reliability & Service Risk"
c_c7c41c7ca25c67209ee7,4,0.523317277431488,Topic 4: bus / buses / battery,"Domestic Manufacturing, R&D & China Dependence"
c_f0cf34ed78ea396a29d5,3,0.9137749671936036,Topic 3: india / bus / buses,"Public Infrastructure, Funding & Alternative Transit"
c_9f3c3bca3177fcf048dc,3,0.8887260556221008,Topic 3: india / bus / buses,"Public Infrastructure, Funding & Alternative Transit"
c_98658398870d02d0935b,4,0.9411970376968384,Topic 4: bus / buses / battery,"Domestic Manufacturing, R&D & China Dependence"
c_edf7eac6f32a5661d379,4,0.9637207388877868,Topic 4: bus / buses / battery,"Domestic Manufacturing, R&D & China Dependence"
c_a3423bd3b070391b4851,2,0.94745272397995,Topic 2: battery / bus / batteries,"Battery Technology, Swapping & Lifecycle Economics"
c_5291577b2ae9be145001,3,0.9137768149375916,Topic 3: india / bus / buses,"Public Infrastructure, Funding & Alternative Transit"
c_acc4d36eb2280bd25fc6,0,0.9545069336891174,Topic 0: buses / like / india,Public Transport Economics & Government Operating Models
c_d320639fe2bffdaf7306,5,0.9537178874015808,Topic 5: china / bus / hai,"Tender Economics, Public Funding & Private Operators"
c_fc583201240131282d6a,1,0.9408075213432312,Topic 1: hai / bus / ki,"Indian EV-Bus Adoption: R&D, Operations & User Experience"
c_d5883bb913c6007cf832,3,0.9546331763267516,Topic 3: india / bus / buses,"Public Infrastructure, Funding & Alternative Transit"
c_fbfa2cf0a4d3cb53cc4d,3,0.9405473470687866,Topic 3: india / bus / buses,"Public Infrastructure, Funding & Alternative Transit"
c_bd9ca5f9da7f0a62610a,0,0.954507052898407,Topic 0: buses / like / india,Public Transport Economics & Government Operating Models
c_aa218ab96d0966e65131,3,0.9485374093055724,Topic 3: india / bus / buses,"Public Infrastructure, Funding & Alternative Transit"
c_cb1edf2ff1bbb68202e5,5,0.886475682258606,Topic 5: china / bus / hai,"Tender Economics, Public Funding & Private Operators"
c_2f36f91922596bab4f62,5,0.9282008409500122,Topic 5: china / bus / hai,"Tender Economics, Public Funding & Private Operators"
c_d0970323e41579314e63,6,0.9535582661628724,Topic 6: olectra / india / bus,"New-Age OEM Execution, Reliability & Service Risk"
c_1f97a54f2dd94122f6dd,1,0.7434467077255249,Topic 1: hai / bus / ki,"Indian EV-Bus Adoption: R&D, Operations & User Experience"
c_d02999e9b78760a86aaa,3,0.9692189693450928,Topic 3: india / bus / buses,"Public Infrastructure, Funding & Alternative Transit"
c_ec4edcdf7d2c593f156a,4,0.9598802924156188,Topic 4: bus / buses / battery,"Domestic Manufacturing, R&D & China Dependence"
c_52c07e9f160ab33c6bce,1,0.9548314809799194,Topic 1: hai / bus / ki,"Indian EV-Bus Adoption: R&D, Operations & User Experience"
c_c9111e010cb9b63dafe4,0,0.9632198810577391,Topic 0: buses / like / india,Public Transport Economics & Government Operating Models
c_089cf1ba5c4a19fecf22,4,0.959879994392395,Topic 4: bus / buses / battery,"Domestic Manufacturing, R&D & China Dependence"
c_ebcd35c353ad0932cac6,1,0.9548312425613404,Topic 1: hai / bus / ki,"Indian EV-Bus Adoption: R&D, Operations & User Experience"
c_fdc7c5055f0f142a6be3,0,0.9545066356658936,Topic 0: buses / like / india,Public Transport Economics & Government Operating Models
c_85099cad6b77d1fad6fe,2,0.5207194089889526,Topic 2: battery / bus / batteries,"Battery Technology, Swapping & Lifecycle Economics"
c_4b27380d90d81ba1f540,1,0.9487625360488892,Topic 1: hai / bus / ki,"Indian EV-Bus Adoption: R&D, Operations & User Experience"
c_ddc0fb4d16c1599c4141,1,0.9596160054206848,Topic 1: hai / bus / ki,"Indian EV-Bus Adoption: R&D, Operations & User Experience"
c_a9283b1b7d8131471482,5,0.9282006025314332,Topic 5: china / bus / hai,"Tender Economics, Public Funding & Private Operators"
c_91256bcbac95aaaf3c88,2,0.947450578212738,Topic 2: battery / bus / batteries,"Battery Technology, Swapping & Lifecycle Economics"
c_9586f4361757b25da661,1,0.9487632513046264,Topic 1: hai / bus / ki,"Indian EV-Bus Adoption: R&D, Operations & User Experience"
c_ef0ac4eef75a9f45c12e,1,0.9141556024551392,Topic 1: hai / bus / ki,"Indian EV-Bus Adoption: R&D, Operations & User Experience"
c_0769040010f46ed8d254,0,0.9632209539413452,Topic 0: buses / like / india,Public Transport Economics & Government Operating Models
c_12a6bf50e8b29ed6150b,4,0.941195785999298,Topic 4: bus / buses / battery,"Domestic Manufacturing, R&D & China Dependence"
c_a2456ed71e5be92deda1,5,0.947499692440033,Topic 5: china / bus / hai,"Tender Economics, Public Funding & Private Operators"
c_2ca7f135c8fdb998a5e8,4,0.9668933749198914,Topic 4: bus / buses / battery,"Domestic Manufacturing, R&D & China Dependence"
c_133c06ea6557ca919a37,4,0.959881067276001,Topic 4: bus / buses / battery,"Domestic Manufacturing, R&D & China Dependence"
c_b2afe1a2a975e9a24453,3,0.954634130001068,Topic 3: india / bus / buses,"Public Infrastructure, Funding & Alternative Transit"
c_d9c4a10b0675431a716f,3,0.9546329379081726,Topic 3: india / bus / buses,"Public Infrastructure, Funding & Alternative Transit"
c_072a4f888d2fe47fa948,4,0.9490966200828552,Topic 4: bus / buses / battery,"Domestic Manufacturing, R&D & China Dependence"
c_2bd3165560271a614216,4,0.9598811864852904,Topic 4: bus / buses / battery,"Domestic Manufacturing, R&D & China Dependence"
c_a344155fe248bdafa521,3,0.9296228289604188,Topic 3: india / bus / buses,"Public Infrastructure, Funding & Alternative Transit"
c_e835380255bbe418e3ae,6,0.4947034120559692,Topic 6: olectra / india / bus,"New-Age OEM Execution, Reliability & Service Risk"
c_5e068cb21aaa3cab157e,7,0.7114244103431702,Topic 7: india / electric / china,"Supply-Chain Risk, Charging Alternatives & Service Gaps"
c_cce97b649a318738f64a,4,0.9411959648132324,Topic 4: bus / buses / battery,"Domestic Manufacturing, R&D & China Dependence"
c_49738c75ed05e4171099,4,0.9411957263946532,Topic 4: bus / buses / battery,"Domestic Manufacturing, R&D & China Dependence"
c_c9a243222df3d1ee4983,0,0.9403794407844543,Topic 0: buses / like / india,Public Transport Economics & Government Operating Models
c_b8a7b5ff11349d0c0cf0,3,0.9137771725654602,Topic 3: india / bus / buses,"Public Infrastructure, Funding & Alternative Transit"
c_95d3a4da4bdf7936c9e6,6,0.5552690625190735,Topic 6: olectra / india / bus,"New-Age OEM Execution, Reliability & Service Risk"
c_20343954e6c0d27f1d11,1,0.940807044506073,Topic 1: hai / bus / ki,"Indian EV-Bus Adoption: R&D, Operations & User Experience"
c_2c17daaac0f2f0db5941,3,0.9594380855560304,Topic 3: india / bus / buses,"Public Infrastructure, Funding & Alternative Transit"
c_cf0b21efdee4cfe748e7,4,0.9551276564598083,Topic 4: bus / buses / battery,"Domestic Manufacturing, R&D & China Dependence"
c_003ddf1e0e811564d8ba,6,0.962453842163086,Topic 6: olectra / india / bus,"New-Age OEM Execution, Reliability & Service Risk"
c_845dd673383ee57d1f62,2,0.5172722339630127,Topic 2: battery / bus / batteries,"Battery Technology, Swapping & Lifecycle Economics"
c_136e94fa91c24dcfae81,2,0.9392929077148438,Topic 2: battery / bus / batteries,"Battery Technology, Swapping & Lifecycle Economics"
c_6110e44e39adf8d34ec4,6,0.962454915046692,Topic 6: olectra / india / bus,"New-Age OEM Execution, Reliability & Service Risk"
c_dc77d68f6c665e08f2d5,4,0.955127775669098,Topic 4: bus / buses / battery,"Domestic Manufacturing, R&D & China Dependence"
c_8c5367be8a34326f45b2,7,0.9121423959732056,Topic 7: india / electric / china,"Supply-Chain Risk, Charging Alternatives & Service Gaps"
c_c22e74e1beaa0b693baa,6,0.9535574316978456,Topic 6: olectra / india / bus,"New-Age OEM Execution, Reliability & Service Risk"
c_0b0fc13707e4ff1a958a,5,0.939347207546234,Topic 5: china / bus / hai,"Tender Economics, Public Funding & Private Operators"
c_6a9a7042354b204892d5,7,0.9537726044654846,Topic 7: india / electric / china,"Supply-Chain Risk, Charging Alternatives & Service Gaps"
c_262fdadc75b7abc8474c,6,0.9391373991966248,Topic 6: olectra / india / bus,"New-Age OEM Execution, Reliability & Service Risk"
c_f9f6547d4eb13e256195,0,0.6976066827774048,Topic 0: buses / like / india,Public Transport Economics & Government Operating Models
c_d1d9c0b9379e7adc722d,4,0.9551284909248352,Topic 4: bus / buses / battery,"Domestic Manufacturing, R&D & China Dependence"
c_4a1c5dc4532914d7f6c8,0,0.9593252539634703,Topic 0: buses / like / india,Public Transport Economics & Government Operating Models
c_f0298bc211df4edb176c,3,0.95463365316391,Topic 3: india / bus / buses,"Public Infrastructure, Funding & Alternative Transit"
c_41b8d7ca7e9efa558636,1,0.9548320770263672,Topic 1: hai / bus / ki,"Indian EV-Bus Adoption: R&D, Operations & User Experience"
c_1151bc78570b592c0ac1,1,0.9548326134681702,Topic 1: hai / bus / ki,"Indian EV-Bus Adoption: R&D, Operations & User Experience"
c_8b6054e39b399dc92089,0,0.966435432434082,Topic 0: buses / like / india,Public Transport Economics & Government Operating Models
c_9013e113e99d8860cc2b,5,0.9537185430526732,Topic 5: china / bus / hai,"Tender Economics, Public Funding & Private Operators"
c_40b3b8b3aa2cfad4c838,4,0.9637231826782228,Topic 4: bus / buses / battery,"Domestic Manufacturing, R&D & China Dependence"
c_aca41f6f717d8c5b6005,3,0.959438979625702,Topic 3: india / bus / buses,"Public Infrastructure, Funding & Alternative Transit"
c_d76861d25db7f2833670,6,0.9882768392562866,Topic 6: olectra / india / bus,"New-Age OEM Execution, Reliability & Service Risk"
c_d08d8d4e231a9a39f15a,6,0.8860896229743958,Topic 6: olectra / india / bus,"New-Age OEM Execution, Reliability & Service Risk"
c_41482aa6f693fb3c55f8,1,0.988246500492096,Topic 1: hai / bus / ki,"Indian EV-Bus Adoption: R&D, Operations & User Experience"
c_aa92eab9962e0e36879c,3,0.9665283560752868,Topic 3: india / bus / buses,"Public Infrastructure, Funding & Alternative Transit"
c_a2043e4c5d94d0763269,1,0.9693534970283508,Topic 1: hai / bus / ki,"Indian EV-Bus Adoption: R&D, Operations & User Experience"
c_70facd39f477ac8f0a2b,7,0.9867454767227172,Topic 7: india / electric / china,"Supply-Chain Risk, Charging Alternatives & Service Gaps"
