video_file,brand,frame_path,frame_index,timestamp_s,is_shot_cut,pixel_diff,width,height,brightness,contrast,saturation,sharpness,warm_cool_bias,colourfulness,edge_density,visual_balance,figure_ground_sep,ocr_text,ocr_char_len,nf_neg,nf_neu,nf_pos,nf_compound,nf_label,blip_caption,obj_bus,obj_person,obj_truck,obj_car,obj_all,hl_bus_exterior,hl_bus_exterior_flag,hl_bus_interior,hl_bus_interior_flag,hl_charging_infra,hl_charging_infra_flag,hl_fleet_scale,hl_fleet_scale_flag,hl_govt_ceremony,hl_govt_ceremony_flag,hl_tech_showcase,hl_tech_showcase_flag,hl_passenger_comfort,hl_passenger_comfort_flag,hl_operational_proof,hl_operational_proof_flag,hl_brand_marketing,hl_brand_marketing_flag,theme_technology,theme_technology_flag,theme_comfort,theme_comfort_flag,theme_sustainability,theme_sustainability_flag,theme_reliability,theme_reliability_flag,theme_safety,theme_safety_flag,pxy_trust,pxy_modernity,pxy_comfort,pxy_sustainability,pxy_operational_scale,pxy_visual_production,hl_setting,hl_setting_conf,meta_video_file,meta_brand,meta_fps,meta_total_frames,meta_width,meta_height,meta_resolution,meta_duration_seconds,meta_duration_minutes,meta_file_size_mb,meta_aspect_ratio
eka.mp4,EKA,/content/drive/MyDrive/Phase_3_Video_Analytics/Video_Analytics/outputs/frames/eka/frame_000000.jpg,0,0.0,False,0.0,640,360,60.61,54.79,168.2,2079.67,-0.363,82.97,0.1608,0.863,0.695,,0,,,,,no_text,a truck covered with christmas lights is seen in this image,0,0,0,0,{},0.241,False,0.013,False,0.027,False,0.091,False,0.444,False,0.914,True,0.713,True,0.995,True,0.988,True,0.964,True,0.984,True,0.994,True,0.951,True,0.976,True,76.9,94.0,12.7,36.4,53.7,79.0,urban_road,0.429,eka.mp4,EKA,24.0,9259,640,360,640x360,385.79,6.43,28.62,1.778
eka.mp4,EKA,/content/drive/MyDrive/Phase_3_Video_Analytics/Video_Analytics/outputs/frames/eka/frame_000024.jpg,1,1.0,False,34.312,640,360,75.83,50.86,130.0,1173.48,-0.25,68.83,0.162,0.95,0.654,,0,,,,,no_text,a large truck is lit up with blue lights,0,0,0,0,{},0.654,True,0.075,False,0.06,False,0.077,False,0.088,False,0.782,True,0.738,True,0.995,True,0.986,True,0.82,True,0.99,True,0.978,True,0.949,True,0.736,True,76.9,78.4,29.0,68.4,71.8,32.1,govt_ceremony,0.453,eka.mp4,EKA,24.0,9259,640,360,640x360,385.79,6.43,28.62,1.778
eka.mp4,EKA,/content/drive/MyDrive/Phase_3_Video_Analytics/Video_Analytics/outputs/frames/eka/frame_000048.jpg,2,2.0,True,109.001,640,360,184.88,76.58,26.21,122.26,0.009,12.13,0.0097,0.884,0.486,,0,,,,,no_text,a video screen showing a video of a plane flying over the city,0,0,0,0,{},0.138,False,0.008,False,0.128,False,0.008,False,0.02,False,0.687,True,0.094,False,0.754,True,0.944,True,0.256,False,0.214,False,0.24,False,0.524,True,0.099,False,35.6,84.2,56.3,30.3,86.2,53.1,studio_launch,0.55,eka.mp4,EKA,24.0,9259,640,360,640x360,385.79,6.43,28.62,1.778
eka.mp4,EKA,/content/drive/MyDrive/Phase_3_Video_Analytics/Video_Analytics/outputs/frames/eka/frame_000072.jpg,3,3.0,False,24.381,640,360,163.07,73.41,39.01,353.15,0.028,28.59,0.0372,0.902,0.728,,0,,,,,no_text,a tv screen with the words ' truck ',0,0,0,0,{},0.219,False,0.038,False,0.148,False,0.117,False,0.082,False,0.531,True,0.312,False,0.979,True,0.994,True,0.678,True,0.992,True,0.656,True,0.641,True,0.601,True,47.2,34.3,38.1,46.6,90.3,89.3,studio_launch,0.816,eka.mp4,EKA,24.0,9259,640,360,640x360,385.79,6.43,28.62,1.778
eka.mp4,EKA,/content/drive/MyDrive/Phase_3_Video_Analytics/Video_Analytics/outputs/frames/eka/frame_000096.jpg,4,4.0,True,92.984,640,360,70.52,33.85,27.38,75.27,0.026,16.68,0.0258,0.899,0.762,(STTRUCKS/,10,0.0,1.0,0.0,0.0,neutral,a truck logo on a white background,0,0,0,0,{},0.027,False,0.002,False,0.324,False,0.065,False,0.095,False,0.579,True,0.063,False,0.399,False,0.959,True,0.171,False,0.897,True,0.294,False,0.847,True,0.13,False,62.5,6.2,43.4,30.1,83.5,90.8,studio_launch,0.409,eka.mp4,EKA,24.0,9259,640,360,640x360,385.79,6.43,28.62,1.778
eka.mp4,EKA,/content/drive/MyDrive/Phase_3_Video_Analytics/Video_Analytics/outputs/frames/eka/frame_000120.jpg,5,5.0,True,83.311,640,360,143.92,61.01,70.86,475.64,-0.006,51.89,0.0775,0.804,0.635,,0,,,,,no_text,a bus is parked in a flooded area,0,7,0,0,"{""person"": 7}",0.973,True,0.975,True,0.12,False,0.88,True,0.487,False,0.121,False,0.956,True,1.0,True,1.0,True,0.947,True,1.0,True,0.989,True,0.995,True,0.975,True,97.2,84.4,53.5,99.2,71.2,57.8,depot_yard,0.428,eka.mp4,EKA,24.0,9259,640,360,640x360,385.79,6.43,28.62,1.778
eka.mp4,EKA,/content/drive/MyDrive/Phase_3_Video_Analytics/Video_Analytics/outputs/frames/eka/frame_000144.jpg,6,6.0,True,143.979,640,360,0.14,2.66,2.14,10.16,0.536,4.81,0.0015,0.0,0.0,,0,,,,,no_text,a black background with a red line and a white line,0,0,0,0,{},0.007,False,0.057,False,0.242,False,0.035,False,0.302,False,0.329,False,0.074,False,0.067,False,0.681,True,0.607,True,0.205,False,0.66,True,0.095,False,0.064,False,87.4,1.8,19.2,23.2,22.5,76.1,govt_ceremony,0.355,eka.mp4,EKA,24.0,9259,640,360,640x360,385.79,6.43,28.62,1.778
eka.mp4,EKA,/content/drive/MyDrive/Phase_3_Video_Analytics/Video_Analytics/outputs/frames/eka/frame_000168.jpg,7,7.0,False,0.118,640,360,0.0,0.0,0.0,0.0,0.0,0.0,0.0,1.0,0.0,,0,,,,,no_text,a black background with a white and red flower,0,0,0,0,{},0.007,False,0.057,False,0.242,False,0.035,False,0.302,False,0.329,False,0.074,False,0.067,False,0.681,True,0.607,True,0.205,False,0.66,True,0.095,False,0.064,False,87.4,1.8,19.2,23.2,22.5,76.1,govt_ceremony,0.355,eka.mp4,EKA,24.0,9259,640,360,640x360,385.79,6.43,28.62,1.778
eka.mp4,EKA,/content/drive/MyDrive/Phase_3_Video_Analytics/Video_Analytics/outputs/frames/eka/frame_000192.jpg,8,8.0,True,65.867,640,360,65.74,62.86,158.38,347.22,0.239,50.18,0.0561,0.888,0.663,,0,,,,,no_text,a train with a lot of windows and lights,0,0,0,0,{},0.219,False,0.997,True,0.004,False,0.488,False,0.02,False,0.001,False,0.108,False,1.0,True,0.999,True,0.334,False,0.997,True,0.739,True,0.896,True,0.329,False,89.4,81.0,87.0,96.1,55.4,58.7,depot_yard,0.472,eka.mp4,EKA,24.0,9259,640,360,640x360,385.79,6.43,28.62,1.778
eka.mp4,EKA,/content/drive/MyDrive/Phase_3_Video_Analytics/Video_Analytics/outputs/frames/eka/frame_000216.jpg,9,9.0,False,51.132,640,360,42.5,22.74,110.59,100.94,0.05,25.72,0.0259,0.922,0.685,,0,,,,,no_text,a bus is parked in a garage with a green wall behind it,0,0,2,0,"{""truck"": 2}",0.889,True,0.847,True,0.136,False,0.601,True,0.157,False,0.231,False,0.519,True,1.0,True,1.0,True,0.797,True,0.993,True,0.954,True,0.888,True,0.833,True,79.9,95.4,35.6,98.6,74.3,61.0,depot_yard,0.54,eka.mp4,EKA,24.0,9259,640,360,640x360,385.79,6.43,28.62,1.778
eka.mp4,EKA,/content/drive/MyDrive/Phase_3_Video_Analytics/Video_Analytics/outputs/frames/eka/frame_000240.jpg,10,10.0,True,80.792,640,360,115.5,71.24,73.33,803.29,-0.007,49.56,0.0801,0.911,0.52,,0,,,,,no_text,a bus is parked in a room with a wooden floor,1,0,0,0,"{""bus"": 1}",0.993,True,0.993,True,0.203,False,0.993,True,0.95,True,0.556,True,0.84,True,1.0,True,1.0,True,0.994,True,0.999,True,0.997,True,0.933,True,0.971,True,92.3,95.1,58.7,99.8,92.0,57.9,depot_yard,0.494,eka.mp4,EKA,24.0,9259,640,360,640x360,385.79,6.43,28.62,1.778
eka.mp4,EKA,/content/drive/MyDrive/Phase_3_Video_Analytics/Video_Analytics/outputs/frames/eka/frame_000264.jpg,11,11.0,True,84.302,640,360,131.19,60.86,50.04,727.19,-0.015,37.19,0.1177,0.932,0.574,,0,,,,,no_text,a bus is parked in a show room,3,5,0,0,"{""bus"": 3, ""person"": 5}",0.911,True,0.954,True,0.054,False,0.758,True,0.621,True,0.663,True,0.96,True,0.977,True,0.998,True,0.819,True,0.992,True,0.964,True,0.9,True,0.778,True,76.5,91.0,22.0,97.9,42.5,88.5,studio_launch,0.845,eka.mp4,EKA,24.0,9259,640,360,640x360,385.79,6.43,28.62,1.778
eka.mp4,EKA,/content/drive/MyDrive/Phase_3_Video_Analytics/Video_Analytics/outputs/frames/eka/frame_000288.jpg,12,12.0,False,64.617,640,360,95.73,47.32,60.54,532.96,-0.004,35.24,0.0902,0.934,0.593,,0,,,,,no_text,a bus is parked in a show room,1,7,0,0,"{""person"": 7, ""bus"": 1}",0.985,True,0.956,True,0.566,True,0.921,True,0.241,False,0.524,True,0.986,True,0.999,True,0.999,True,0.536,True,1.0,True,0.99,True,0.935,True,0.504,True,59.7,98.4,15.6,99.2,84.2,83.5,urban_road,0.482,eka.mp4,EKA,24.0,9259,640,360,640x360,385.79,6.43,28.62,1.778
eka.mp4,EKA,/content/drive/MyDrive/Phase_3_Video_Analytics/Video_Analytics/outputs/frames/eka/frame_000312.jpg,13,13.0,True,68.369,640,360,28.5,14.2,71.24,44.8,0.008,12.93,0.0121,0.856,0.604,,0,,,,,no_text,a bus is driving down the street in the city,0,1,0,0,"{""person"": 1}",0.993,True,0.957,True,0.218,False,0.866,True,0.009,False,0.552,True,0.834,True,0.998,True,1.0,True,0.205,False,0.984,True,0.956,True,0.893,True,0.168,False,44.9,93.7,35.2,99.0,91.8,87.9,urban_road,0.408,eka.mp4,EKA,24.0,9259,640,360,640x360,385.79,6.43,28.62,1.778
eka.mp4,EKA,/content/drive/MyDrive/Phase_3_Video_Analytics/Video_Analytics/outputs/frames/eka/frame_000336.jpg,14,14.0,True,83.775,640,360,107.29,85.63,64.7,569.83,0.014,34.67,0.068,0.885,0.567,,0,,,,,no_text,a man standing next to a bus in a building,1,5,0,0,"{""person"": 5, ""bus"": 1}",0.721,True,0.439,False,0.425,False,0.604,True,0.592,True,0.281,False,0.784,True,0.818,True,0.996,True,0.976,True,0.994,True,0.99,True,0.996,True,0.835,True,95.6,92.1,25.0,98.9,77.9,86.1,studio_launch,0.898,eka.mp4,EKA,24.0,9259,640,360,640x360,385.79,6.43,28.62,1.778
eka.mp4,EKA,/content/drive/MyDrive/Phase_3_Video_Analytics/Video_Analytics/outputs/frames/eka/frame_000360.jpg,15,15.0,False,43.716,640,360,96.04,79.13,68.73,680.2,-0.001,31.5,0.0757,0.914,0.543,,0,,,,,no_text,a man standing next to a bus at an event,0,3,0,0,"{""person"": 3}",0.954,True,0.944,True,0.208,False,0.837,True,0.485,False,0.485,False,0.891,True,0.998,True,1.0,True,0.975,True,0.995,True,0.992,True,0.993,True,0.954,True,86.2,98.6,13.9,99.2,75.7,84.0,studio_launch,0.615,eka.mp4,EKA,24.0,9259,640,360,640x360,385.79,6.43,28.62,1.778
eka.mp4,EKA,/content/drive/MyDrive/Phase_3_Video_Analytics/Video_Analytics/outputs/frames/eka/frame_000384.jpg,16,16.0,False,46.447,640,360,92.14,75.71,70.35,605.64,-0.01,30.26,0.0724,0.865,0.529,,0,,,,,no_text,a man standing next to a car at an event,0,3,0,0,"{""person"": 3}",0.803,True,0.699,True,0.45,False,0.657,True,0.636,True,0.359,False,0.948,True,0.954,True,0.979,True,0.987,True,0.993,True,0.993,True,0.996,True,0.976,True,88.2,99.1,21.1,98.5,85.4,79.1,studio_launch,0.819,eka.mp4,EKA,24.0,9259,640,360,640x360,385.79,6.43,28.62,1.778
eka.mp4,EKA,/content/drive/MyDrive/Phase_3_Video_Analytics/Video_Analytics/outputs/frames/eka/frame_000408.jpg,17,17.0,False,49.567,640,360,99.16,77.6,67.1,788.53,0.001,31.72,0.0816,0.881,0.525,,0,,,,,no_text,a man standing next to a car,0,5,0,0,"{""person"": 5}",0.271,False,0.066,False,0.714,True,0.392,False,0.931,True,0.858,True,0.784,True,0.675,True,0.921,True,0.99,True,0.979,True,0.982,True,0.95,True,0.967,True,90.4,98.4,11.1,89.0,77.2,77.6,studio_launch,0.892,eka.mp4,EKA,24.0,9259,640,360,640x360,385.79,6.43,28.62,1.778
eka.mp4,EKA,/content/drive/MyDrive/Phase_3_Video_Analytics/Video_Analytics/outputs/frames/eka/frame_000432.jpg,18,18.0,False,47.573,640,360,98.15,78.33,65.51,592.77,-0.01,30.07,0.0769,0.838,0.501,,0,,,,,no_text,a man standing next to a car,0,7,0,0,"{""person"": 7}",0.641,True,0.36,False,0.587,True,0.426,False,0.644,True,0.598,True,0.833,True,0.687,True,0.955,True,0.99,True,0.989,True,0.992,True,0.993,True,0.97,True,94.0,95.2,24.2,96.6,77.6,82.8,studio_launch,0.881,eka.mp4,EKA,24.0,9259,640,360,640x360,385.79,6.43,28.62,1.778
eka.mp4,EKA,/content/drive/MyDrive/Phase_3_Video_Analytics/Video_Analytics/outputs/frames/eka/frame_000456.jpg,19,19.0,False,49.896,640,360,94.79,74.72,67.05,700.61,-0.015,29.57,0.0831,0.863,0.532,,0,,,,,no_text,a man standing next to a car,0,5,0,0,"{""person"": 5}",0.855,True,0.518,True,0.535,True,0.867,True,0.75,True,0.695,True,0.959,True,0.944,True,0.988,True,0.99,True,0.995,True,0.997,True,0.997,True,0.977,True,93.9,98.8,14.7,98.7,70.7,93.2,studio_launch,0.663,eka.mp4,EKA,24.0,9259,640,360,640x360,385.79,6.43,28.62,1.778
eka.mp4,EKA,/content/drive/MyDrive/Phase_3_Video_Analytics/Video_Analytics/outputs/frames/eka/frame_000480.jpg,20,20.0,False,50.831,640,360,97.56,74.63,68.34,709.42,-0.011,31.02,0.0831,0.869,0.516,,0,,,,,no_text,a man standing next to a bus at an event,0,4,0,1,"{""car"": 1, ""person"": 4, ""traffic light"": 1}",0.689,True,0.29,False,0.66,True,0.603,True,0.681,True,0.225,False,0.863,True,0.844,True,0.918,True,0.988,True,0.95,True,0.989,True,0.988,True,0.95,True,81.9,96.7,9.2,95.2,83.0,64.4,studio_launch,0.743,eka.mp4,EKA,24.0,9259,640,360,640x360,385.79,6.43,28.62,1.778
eka.mp4,EKA,/content/drive/MyDrive/Phase_3_Video_Analytics/Video_Analytics/outputs/frames/eka/frame_000504.jpg,21,21.0,False,43.698,640,360,100.95,75.75,69.9,624.82,-0.004,32.79,0.0817,0.872,0.505,,0,,,,,no_text,a man standing next to a car on display,0,6,0,0,"{""person"": 6}",0.646,True,0.169,False,0.642,True,0.918,True,0.917,True,0.562,True,0.901,True,0.644,True,0.961,True,0.988,True,0.978,True,0.989,True,0.995,True,0.915,True,93.8,89.6,7.2,96.5,79.8,61.6,govt_ceremony,0.508,eka.mp4,EKA,24.0,9259,640,360,640x360,385.79,6.43,28.62,1.778
eka.mp4,EKA,/content/drive/MyDrive/Phase_3_Video_Analytics/Video_Analytics/outputs/frames/eka/frame_000528.jpg,22,22.0,False,48.142,640,360,96.99,74.93,72.82,671.24,-0.005,34.04,0.0851,0.84,0.521,,0,,,,,no_text,a man standing next to a bus in a building,0,6,0,0,"{""person"": 6}",0.524,True,0.066,False,0.805,True,0.857,True,0.905,True,0.561,True,0.911,True,0.806,True,0.934,True,0.989,True,0.995,True,0.996,True,0.996,True,0.897,True,95.0,95.5,18.3,98.3,89.5,73.0,studio_launch,0.726,eka.mp4,EKA,24.0,9259,640,360,640x360,385.79,6.43,28.62,1.778
eka.mp4,EKA,/content/drive/MyDrive/Phase_3_Video_Analytics/Video_Analytics/outputs/frames/eka/frame_000552.jpg,23,23.0,False,43.224,640,360,95.88,73.59,74.4,808.99,0.002,35.6,0.0849,0.826,0.496,,0,,,,,no_text,a man standing next to a bus at an event,0,6,0,0,"{""person"": 6}",0.867,True,0.574,True,0.419,False,0.914,True,0.945,True,0.776,True,0.841,True,0.976,True,0.989,True,0.996,True,0.992,True,0.993,True,0.994,True,0.989,True,97.0,96.3,42.6,97.6,71.3,92.4,govt_ceremony,0.528,eka.mp4,EKA,24.0,9259,640,360,640x360,385.79,6.43,28.62,1.778
eka.mp4,EKA,/content/drive/MyDrive/Phase_3_Video_Analytics/Video_Analytics/outputs/frames/eka/frame_000576.jpg,24,24.0,False,48.798,640,360,91.3,69.34,75.82,682.98,-0.01,36.66,0.0844,0.812,0.545,,0,,,,,no_text,a man standing next to a bus at an event,1,7,0,0,"{""person"": 7, ""bus"": 1}",0.94,True,0.845,True,0.604,True,0.882,True,0.484,False,0.87,True,0.97,True,0.592,True,0.963,True,0.953,True,0.96,True,0.99,True,0.994,True,0.906,True,87.1,99.8,23.1,99.9,65.2,94.2,studio_launch,0.731,eka.mp4,EKA,24.0,9259,640,360,640x360,385.79,6.43,28.62,1.778
eka.mp4,EKA,/content/drive/MyDrive/Phase_3_Video_Analytics/Video_Analytics/outputs/frames/eka/frame_000600.jpg,25,25.0,False,55.12,640,360,96.94,73.14,72.59,587.18,-0.014,34.53,0.0805,0.858,0.486,,0,,,,,no_text,a man standing next to a car,0,7,0,1,"{""person"": 7, ""car"": 1}",0.431,False,0.076,False,0.599,True,0.46,False,0.373,False,0.62,True,0.647,True,0.671,True,0.888,True,0.968,True,0.993,True,0.987,True,0.996,True,0.913,True,87.6,89.3,33.3,97.5,84.5,85.3,studio_launch,0.808,eka.mp4,EKA,24.0,9259,640,360,640x360,385.79,6.43,28.62,1.778
eka.mp4,EKA,/content/drive/MyDrive/Phase_3_Video_Analytics/Video_Analytics/outputs/frames/eka/frame_000624.jpg,26,26.0,False,47.071,640,360,105.0,75.65,70.91,573.67,-0.008,36.41,0.0803,0.83,0.519,,0,,,,,no_text,a man standing next to a bus at an event,2,6,0,0,"{""person"": 6, ""bus"": 2}",0.674,True,0.25,False,0.528,True,0.906,True,0.901,True,0.34,False,0.437,False,0.986,True,0.991,True,0.996,True,0.988,True,0.994,True,0.999,True,0.994,True,96.2,88.3,29.9,96.1,76.6,91.6,govt_ceremony,0.496,eka.mp4,EKA,24.0,9259,640,360,640x360,385.79,6.43,28.62,1.778
eka.mp4,EKA,/content/drive/MyDrive/Phase_3_Video_Analytics/Video_Analytics/outputs/frames/eka/frame_000648.jpg,27,27.0,False,42.248,640,360,99.59,73.16,73.73,562.77,-0.015,36.4,0.0789,0.831,0.545,,0,,,,,no_text,a man standing next to a bus at a show,1,5,0,0,"{""person"": 5, ""bus"": 1}",0.987,True,0.908,True,0.539,True,0.968,True,0.783,True,0.653,True,0.967,True,0.984,True,0.992,True,0.996,True,0.993,True,0.998,True,0.999,True,0.988,True,91.8,99.3,18.2,99.6,77.5,94.4,govt_ceremony,0.577,eka.mp4,EKA,24.0,9259,640,360,640x360,385.79,6.43,28.62,1.778
eka.mp4,EKA,/content/drive/MyDrive/Phase_3_Video_Analytics/Video_Analytics/outputs/frames/eka/frame_000672.jpg,28,28.0,False,32.572,640,360,107.05,76.54,73.19,589.18,-0.003,37.94,0.0795,0.838,0.56,,0,,,,,no_text,a man standing next to a bus at a show,1,6,0,0,"{""person"": 6, ""bus"": 1}",0.914,True,0.729,True,0.47,False,0.892,True,0.455,False,0.3,False,0.957,True,0.876,True,0.963,True,0.965,True,0.983,True,0.99,True,0.992,True,0.846,True,86.2,98.9,20.9,99.1,70.1,87.0,studio_launch,0.768,eka.mp4,EKA,24.0,9259,640,360,640x360,385.79,6.43,28.62,1.778
eka.mp4,EKA,/content/drive/MyDrive/Phase_3_Video_Analytics/Video_Analytics/outputs/frames/eka/frame_000696.jpg,29,29.0,False,47.605,640,360,94.27,78.42,76.14,794.55,0.003,36.28,0.0852,0.882,0.552,,0,,,,,no_text,a man standing next to a car on display,2,6,0,0,"{""person"": 6, ""bus"": 2}",0.323,False,0.058,False,0.633,True,0.614,True,0.957,True,0.811,True,0.815,True,0.294,False,0.894,True,0.999,True,0.994,True,0.992,True,0.977,True,0.984,True,97.5,97.3,16.4,95.8,86.0,88.4,studio_launch,0.794,eka.mp4,EKA,24.0,9259,640,360,640x360,385.79,6.43,28.62,1.778
eka.mp4,EKA,/content/drive/MyDrive/Phase_3_Video_Analytics/Video_Analytics/outputs/frames/eka/frame_000720.jpg,30,30.0,False,42.479,640,360,94.5,80.12,77.5,598.03,0.001,36.19,0.0785,0.836,0.58,,0,,,,,no_text,a man standing next to a bus in a building,2,6,0,0,"{""person"": 6, ""bus"": 2}",0.802,True,0.464,False,0.852,True,0.876,True,0.809,True,0.494,False,0.908,True,0.926,True,0.996,True,0.997,True,0.996,True,0.996,True,0.991,True,0.98,True,94.3,97.9,25.2,99.3,87.3,93.2,studio_launch,0.714,eka.mp4,EKA,24.0,9259,640,360,640x360,385.79,6.43,28.62,1.778
eka.mp4,EKA,/content/drive/MyDrive/Phase_3_Video_Analytics/Video_Analytics/outputs/frames/eka/frame_000744.jpg,31,31.0,False,42.495,640,360,103.26,80.87,72.41,565.73,0.01,36.73,0.0762,0.856,0.566,,0,,,,,no_text,a man standing next to a car at a show,3,4,0,0,"{""person"": 4, ""bus"": 3}",0.436,False,0.242,False,0.416,False,0.626,True,0.519,True,0.385,False,0.252,False,0.907,True,0.986,True,0.977,True,0.99,True,0.99,True,0.99,True,0.948,True,88.2,85.2,29.6,96.8,87.5,81.6,studio_launch,0.528,eka.mp4,EKA,24.0,9259,640,360,640x360,385.79,6.43,28.62,1.778
eka.mp4,EKA,/content/drive/MyDrive/Phase_3_Video_Analytics/Video_Analytics/outputs/frames/eka/frame_000768.jpg,32,32.0,False,35.18,640,360,113.15,78.26,73.86,468.76,0.008,41.79,0.0753,0.807,0.542,,0,,,,,no_text,a man standing in front of a car,1,5,0,0,"{""person"": 5, ""bus"": 1}",0.686,True,0.821,True,0.235,False,0.75,True,0.151,False,0.523,True,0.59,True,0.995,True,0.998,True,0.84,True,0.988,True,0.986,True,0.958,True,0.91,True,72.8,92.9,39.2,98.3,87.7,74.6,studio_launch,0.443,eka.mp4,EKA,24.0,9259,640,360,640x360,385.79,6.43,28.62,1.778
eka.mp4,EKA,/content/drive/MyDrive/Phase_3_Video_Analytics/Video_Analytics/outputs/frames/eka/frame_000792.jpg,33,33.0,True,81.695,640,360,91.86,61.11,92.48,648.07,-0.007,61.09,0.0906,0.883,0.532,,0,,,,,no_text,a man is talking to a woman in front of a car,1,17,0,1,"{""bus"": 1, ""person"": 17, ""car"": 1}",0.265,False,0.643,True,0.496,False,0.784,True,0.643,True,0.504,True,0.971,True,0.94,True,0.973,True,0.956,True,0.987,True,0.985,True,0.989,True,0.928,True,91.6,95.6,40.2,97.1,62.8,82.0,studio_launch,0.656,eka.mp4,EKA,24.0,9259,640,360,640x360,385.79,6.43,28.62,1.778
eka.mp4,EKA,/content/drive/MyDrive/Phase_3_Video_Analytics/Video_Analytics/outputs/frames/eka/frame_000816.jpg,34,34.0,False,33.597,640,360,89.28,61.68,90.8,663.25,-0.012,59.29,0.0877,0.893,0.492,,0,,,,,no_text,a man is standing next to a car,0,17,0,0,"{""person"": 17}",0.353,False,0.464,False,0.702,True,0.779,True,0.926,True,0.676,True,0.919,True,0.992,True,0.974,True,0.992,True,0.997,True,0.994,True,0.983,True,0.958,True,97.3,97.8,37.7,78.9,91.8,80.5,studio_launch,0.538,eka.mp4,EKA,24.0,9259,640,360,640x360,385.79,6.43,28.62,1.778
eka.mp4,EKA,/content/drive/MyDrive/Phase_3_Video_Analytics/Video_Analytics/outputs/frames/eka/frame_000840.jpg,35,35.0,False,38.319,640,360,84.69,60.31,90.02,885.11,-0.022,56.55,0.0922,0.904,0.502,,0,,,,,no_text,a man standing next to a car on display,3,21,0,0,"{""person"": 21, ""bus"": 3}",0.76,True,0.94,True,0.358,False,0.922,True,0.998,True,0.55,True,0.983,True,0.995,True,0.998,True,0.997,True,0.999,True,0.995,True,0.987,True,0.993,True,97.2,96.9,31.7,93.8,73.7,85.4,studio_launch,0.766,eka.mp4,EKA,24.0,9259,640,360,640x360,385.79,6.43,28.62,1.778
eka.mp4,EKA,/content/drive/MyDrive/Phase_3_Video_Analytics/Video_Analytics/outputs/frames/eka/frame_000864.jpg,36,36.0,False,36.85,640,360,80.28,59.6,88.9,745.79,-0.035,50.8,0.0897,0.899,0.516,,0,,,,,no_text,a man standing next to a bus on a red carpet,2,22,0,0,"{""bus"": 2, ""person"": 22}",0.733,True,0.851,True,0.458,False,0.858,True,0.559,True,0.253,False,0.922,True,0.928,True,0.995,True,0.937,True,0.997,True,0.992,True,0.991,True,0.92,True,90.9,94.9,41.3,98.0,81.2,84.6,studio_launch,0.854,eka.mp4,EKA,24.0,9259,640,360,640x360,385.79,6.43,28.62,1.778
eka.mp4,EKA,/content/drive/MyDrive/Phase_3_Video_Analytics/Video_Analytics/outputs/frames/eka/frame_000888.jpg,37,37.0,False,37.604,640,360,79.15,61.11,85.14,755.3,-0.035,47.95,0.0897,0.91,0.531,,0,,,,,no_text,a man standing next to a car on a red carpet,0,15,0,1,"{""person"": 15, ""car"": 1}",0.632,True,0.808,True,0.202,False,0.487,False,0.231,False,0.348,False,0.868,True,0.99,True,0.996,True,0.81,True,0.983,True,0.988,True,0.98,True,0.722,True,81.0,92.3,33.3,96.8,86.7,81.4,studio_launch,0.859,eka.mp4,EKA,24.0,9259,640,360,640x360,385.79,6.43,28.62,1.778
eka.mp4,EKA,/content/drive/MyDrive/Phase_3_Video_Analytics/Video_Analytics/outputs/frames/eka/frame_000912.jpg,38,38.0,False,42.637,640,360,78.08,62.06,80.99,729.74,-0.029,43.15,0.0904,0.874,0.507,,0,,,,,no_text,a man standing next to a car at an event,0,19,0,3,"{""car"": 3, ""person"": 19}",0.948,True,0.969,True,0.204,False,0.705,True,0.303,False,0.288,False,0.778,True,0.997,True,0.999,True,0.895,True,0.991,True,0.992,True,0.987,True,0.896,True,72.7,88.6,31.7,94.8,71.9,88.1,govt_ceremony,0.375,eka.mp4,EKA,24.0,9259,640,360,640x360,385.79,6.43,28.62,1.778
eka.mp4,EKA,/content/drive/MyDrive/Phase_3_Video_Analytics/Video_Analytics/outputs/frames/eka/frame_000936.jpg,39,39.0,False,34.643,640,360,80.25,62.5,75.06,613.78,-0.019,42.08,0.0842,0.9,0.508,,0,,,,,no_text,a man standing next to a car on a red carpet,0,15,0,1,"{""person"": 15, ""car"": 1}",0.971,True,0.965,True,0.49,False,0.974,True,0.943,True,0.458,False,0.974,True,0.997,True,0.999,True,0.996,True,0.999,True,0.997,True,0.996,True,0.995,True,90.2,98.9,30.2,98.7,60.7,96.2,govt_ceremony,0.34,eka.mp4,EKA,24.0,9259,640,360,640x360,385.79,6.43,28.62,1.778
eka.mp4,EKA,/content/drive/MyDrive/Phase_3_Video_Analytics/Video_Analytics/outputs/frames/eka/frame_000960.jpg,40,40.0,False,37.789,640,360,84.45,65.05,73.93,538.75,0.007,45.19,0.0798,0.833,0.51,,0,,,,,no_text,a man is standing next to a car,0,17,0,1,"{""person"": 17, ""car"": 1}",0.588,True,0.757,True,0.425,False,0.664,True,0.775,True,0.339,False,0.945,True,1.0,True,0.998,True,0.965,True,0.997,True,0.988,True,0.995,True,0.97,True,93.7,92.2,73.2,57.8,83.2,65.0,govt_ceremony,0.66,eka.mp4,EKA,24.0,9259,640,360,640x360,385.79,6.43,28.62,1.778
eka.mp4,EKA,/content/drive/MyDrive/Phase_3_Video_Analytics/Video_Analytics/outputs/frames/eka/frame_000984.jpg,41,41.0,False,38.851,640,360,86.49,66.74,69.04,876.92,-0.002,40.83,0.0947,0.847,0.538,,0,,,,,no_text,a man standing next to a car on display,1,19,0,1,"{""person"": 19, ""car"": 1, ""bus"": 1}",0.827,True,0.942,True,0.813,True,0.969,True,0.96,True,0.559,True,0.924,True,0.998,True,0.999,True,0.986,True,0.997,True,0.992,True,0.993,True,0.982,True,95.5,98.7,17.0,94.2,80.6,90.0,studio_launch,0.52,eka.mp4,EKA,24.0,9259,640,360,640x360,385.79,6.43,28.62,1.778
eka.mp4,EKA,/content/drive/MyDrive/Phase_3_Video_Analytics/Video_Analytics/outputs/frames/eka/frame_001008.jpg,42,42.0,False,37.639,640,360,87.12,65.61,69.89,743.53,-0.02,40.2,0.0952,0.872,0.53,,0,,,,,no_text,a man talking to another man in front of a car,0,17,0,2,"{""person"": 17, ""car"": 2}",0.946,True,0.96,True,0.444,False,0.917,True,0.9,True,0.372,False,0.893,True,0.999,True,1.0,True,0.995,True,0.999,True,0.997,True,0.998,True,0.997,True,95.6,96.7,39.9,97.4,78.3,88.7,depot_yard,0.614,eka.mp4,EKA,24.0,9259,640,360,640x360,385.79,6.43,28.62,1.778
eka.mp4,EKA,/content/drive/MyDrive/Phase_3_Video_Analytics/Video_Analytics/outputs/frames/eka/frame_001032.jpg,43,43.0,False,43.18,640,360,89.36,67.08,70.39,679.35,-0.007,38.73,0.088,0.855,0.509,,0,,,,,no_text,a man is putting a cardboard box into a car,2,12,1,0,"{""person"": 12, ""bus"": 2, ""truck"": 1}",0.871,True,0.934,True,0.443,False,0.946,True,0.498,False,0.722,True,0.962,True,1.0,True,1.0,True,0.956,True,0.998,True,0.996,True,0.995,True,0.957,True,90.4,98.6,21.5,96.9,77.2,96.4,studio_launch,0.395,eka.mp4,EKA,24.0,9259,640,360,640x360,385.79,6.43,28.62,1.778
eka.mp4,EKA,/content/drive/MyDrive/Phase_3_Video_Analytics/Video_Analytics/outputs/frames/eka/frame_001056.jpg,44,44.0,False,41.787,640,360,82.76,64.71,71.89,617.61,-0.022,35.51,0.0815,0.85,0.483,,0,,,,,no_text,a man is touching a car with his hand,0,11,1,0,"{""person"": 11, ""truck"": 1}",0.957,True,0.943,True,0.211,False,0.978,True,0.882,True,0.709,True,0.959,True,0.999,True,0.999,True,0.986,True,0.996,True,0.996,True,0.999,True,0.98,True,91.5,96.9,18.5,98.9,69.5,92.7,govt_ceremony,0.526,eka.mp4,EKA,24.0,9259,640,360,640x360,385.79,6.43,28.62,1.778
eka.mp4,EKA,/content/drive/MyDrive/Phase_3_Video_Analytics/Video_Analytics/outputs/frames/eka/frame_001080.jpg,45,45.0,False,41.209,640,360,79.78,62.03,74.17,561.78,-0.029,38.37,0.0827,0.862,0.453,,0,,,,,no_text,a man is touching the hood on a car,0,8,0,0,"{""person"": 8}",0.728,True,0.373,False,0.199,False,0.615,True,0.113,False,0.828,True,0.708,True,1.0,True,0.999,True,0.333,False,0.971,True,0.991,True,0.938,True,0.708,True,70.8,93.0,53.9,71.1,90.1,77.7,govt_ceremony,0.378,eka.mp4,EKA,24.0,9259,640,360,640x360,385.79,6.43,28.62,1.778
eka.mp4,EKA,/content/drive/MyDrive/Phase_3_Video_Analytics/Video_Analytics/outputs/frames/eka/frame_001104.jpg,46,46.0,False,37.175,640,360,79.12,62.16,80.08,583.63,-0.023,43.55,0.08,0.89,0.469,,0,,,,,no_text,a man is putting the hood on a car,0,17,0,0,"{""person"": 17}",0.925,True,0.913,True,0.262,False,0.946,True,0.506,True,0.544,True,0.971,True,1.0,True,0.999,True,0.836,True,0.988,True,0.994,True,0.984,True,0.848,True,92.4,90.6,35.5,91.6,76.5,65.9,studio_launch,0.526,eka.mp4,EKA,24.0,9259,640,360,640x360,385.79,6.43,28.62,1.778
eka.mp4,EKA,/content/drive/MyDrive/Phase_3_Video_Analytics/Video_Analytics/outputs/frames/eka/frame_001128.jpg,47,47.0,False,31.315,640,360,79.65,62.35,78.45,797.78,-0.007,46.25,0.0842,0.889,0.449,,0,,,,,no_text,a man is putting the hood on a car,2,16,0,0,"{""person"": 16, ""bus"": 2}",0.681,True,0.372,False,0.231,False,0.767,True,0.96,True,0.615,True,0.879,True,0.997,True,0.999,True,0.941,True,0.959,True,0.996,True,0.986,True,0.879,True,92.8,93.9,20.8,49.8,90.2,82.1,studio_launch,0.661,eka.mp4,EKA,24.0,9259,640,360,640x360,385.79,6.43,28.62,1.778
eka.mp4,EKA,/content/drive/MyDrive/Phase_3_Video_Analytics/Video_Analytics/outputs/frames/eka/frame_001152.jpg,48,48.0,False,32.927,640,360,83.44,63.53,76.17,651.61,0.006,47.7,0.0804,0.869,0.466,,0,,,,,no_text,a man is touching the hood of a car,0,18,0,0,"{""person"": 18}",0.507,True,0.254,False,0.42,False,0.887,True,0.661,True,0.772,True,0.845,True,1.0,True,0.996,True,0.798,True,0.965,True,0.991,True,0.994,True,0.911,True,91.9,85.4,25.9,79.9,82.8,87.9,govt_ceremony,0.377,eka.mp4,EKA,24.0,9259,640,360,640x360,385.79,6.43,28.62,1.778
eka.mp4,EKA,/content/drive/MyDrive/Phase_3_Video_Analytics/Video_Analytics/outputs/frames/eka/frame_001176.jpg,49,49.0,False,38.062,640,360,87.63,64.48,74.36,607.64,0.004,46.62,0.0829,0.853,0.517,,0,,,,,no_text,a man standing next to a car on display,0,9,0,1,"{""person"": 9, ""car"": 1}",0.634,True,0.388,False,0.521,True,0.943,True,0.812,True,0.687,True,0.942,True,0.984,True,0.991,True,0.968,True,0.991,True,0.993,True,0.989,True,0.892,True,85.4,98.9,23.1,99.0,84.6,93.5,govt_ceremony,0.454,eka.mp4,EKA,24.0,9259,640,360,640x360,385.79,6.43,28.62,1.778
eka.mp4,EKA,/content/drive/MyDrive/Phase_3_Video_Analytics/Video_Analytics/outputs/frames/eka/frame_001200.jpg,50,50.0,False,34.341,640,360,90.1,66.72,73.06,587.6,0.004,44.72,0.0858,0.861,0.453,,0,,,,,no_text,a man is putting a car on the floor,0,11,0,0,"{""person"": 11}",0.923,True,0.619,True,0.381,False,0.982,True,0.395,False,0.487,False,0.9,True,0.999,True,0.998,True,0.732,True,0.963,True,0.994,True,0.986,True,0.815,True,90.7,88.0,23.8,97.8,71.6,73.2,govt_ceremony,0.508,eka.mp4,EKA,24.0,9259,640,360,640x360,385.79,6.43,28.62,1.778
eka.mp4,EKA,/content/drive/MyDrive/Phase_3_Video_Analytics/Video_Analytics/outputs/frames/eka/frame_001224.jpg,51,51.0,False,30.857,640,360,93.62,67.83,70.85,590.29,-0.002,41.53,0.0872,0.856,0.471,,0,,,,,no_text,a man is putting a car into the trunk,2,15,0,1,"{""bus"": 2, ""person"": 15, ""car"": 1}",0.929,True,0.852,True,0.444,False,0.967,True,0.535,True,0.693,True,0.97,True,1.0,True,0.998,True,0.85,True,0.991,True,0.995,True,0.983,True,0.924,True,89.9,98.2,21.9,99.5,90.6,74.7,govt_ceremony,0.452,eka.mp4,EKA,24.0,9259,640,360,640x360,385.79,6.43,28.62,1.778
eka.mp4,EKA,/content/drive/MyDrive/Phase_3_Video_Analytics/Video_Analytics/outputs/frames/eka/frame_001248.jpg,52,52.0,False,27.636,640,360,93.63,67.6,71.26,596.78,-0.009,38.79,0.0861,0.857,0.448,,0,,,,,no_text,a man is putting a car into the trunk,1,11,0,0,"{""person"": 11, ""bus"": 1}",0.617,True,0.522,True,0.37,False,0.954,True,0.826,True,0.801,True,0.922,True,0.998,True,0.995,True,0.877,True,0.97,True,0.989,True,0.971,True,0.859,True,87.0,98.0,13.6,99.0,86.0,78.8,govt_ceremony,0.518,eka.mp4,EKA,24.0,9259,640,360,640x360,385.79,6.43,28.62,1.778
eka.mp4,EKA,/content/drive/MyDrive/Phase_3_Video_Analytics/Video_Analytics/outputs/frames/eka/frame_001272.jpg,53,53.0,False,35.53,640,360,88.85,66.61,76.07,754.35,-0.026,38.47,0.0883,0.864,0.495,,0,,,,,no_text,a man standing next to a car,0,9,0,0,"{""person"": 9}",0.873,True,0.685,True,0.555,True,0.931,True,0.933,True,0.883,True,0.972,True,0.9,True,0.941,True,0.987,True,0.988,True,0.998,True,0.967,True,0.897,True,92.7,99.6,20.5,99.7,83.9,82.7,studio_launch,0.755,eka.mp4,EKA,24.0,9259,640,360,640x360,385.79,6.43,28.62,1.778
eka.mp4,EKA,/content/drive/MyDrive/Phase_3_Video_Analytics/Video_Analytics/outputs/frames/eka/frame_001296.jpg,54,54.0,False,47.131,640,360,84.86,66.19,75.49,698.85,-0.024,38.6,0.0862,0.832,0.456,,0,,,,,no_text,a man is putting a car into the trunk,1,12,0,0,"{""person"": 12, ""bus"": 1}",0.696,True,0.861,True,0.118,False,0.94,True,0.86,True,0.533,True,0.94,True,0.999,True,0.998,True,0.93,True,0.99,True,0.993,True,0.996,True,0.834,True,94.9,85.5,37.0,87.9,85.9,87.7,govt_ceremony,0.601,eka.mp4,EKA,24.0,9259,640,360,640x360,385.79,6.43,28.62,1.778
eka.mp4,EKA,/content/drive/MyDrive/Phase_3_Video_Analytics/Video_Analytics/outputs/frames/eka/frame_001320.jpg,55,55.0,False,33.396,640,360,85.02,64.32,79.87,629.76,-0.022,42.9,0.0867,0.835,0.449,,0,,,,,no_text,a man is putting a car on the floor,0,13,0,1,"{""person"": 13, ""car"": 1}",0.839,True,0.666,True,0.287,False,0.987,True,0.699,True,0.669,True,0.945,True,1.0,True,0.998,True,0.93,True,0.992,True,0.992,True,0.997,True,0.911,True,95.0,78.1,30.9,96.4,74.9,91.1,govt_ceremony,0.463,eka.mp4,EKA,24.0,9259,640,360,640x360,385.79,6.43,28.62,1.778
eka.mp4,EKA,/content/drive/MyDrive/Phase_3_Video_Analytics/Video_Analytics/outputs/frames/eka/frame_001344.jpg,56,56.0,False,43.015,640,360,89.43,65.36,80.63,669.41,-0.013,43.23,0.0875,0.865,0.507,,0,,,,,no_text,a man is standing next to a car,0,13,1,1,"{""person"": 13, ""truck"": 1, ""car"": 1}",0.909,True,0.683,True,0.417,False,0.979,True,0.864,True,0.628,True,0.957,True,0.987,True,0.995,True,0.966,True,0.992,True,0.99,True,0.992,True,0.956,True,91.1,98.0,32.0,99.8,69.1,86.8,govt_ceremony,0.49,eka.mp4,EKA,24.0,9259,640,360,640x360,385.79,6.43,28.62,1.778
eka.mp4,EKA,/content/drive/MyDrive/Phase_3_Video_Analytics/Video_Analytics/outputs/frames/eka/frame_001368.jpg,57,57.0,False,25.978,640,360,88.88,65.47,81.21,663.64,-0.013,43.86,0.0883,0.855,0.497,,0,,,,,no_text,a man is standing next to a car,1,10,1,0,"{""bus"": 1, ""person"": 10, ""truck"": 1}",0.968,True,0.928,True,0.776,True,0.999,True,0.963,True,0.777,True,0.994,True,0.998,True,0.998,True,0.984,True,0.996,True,0.998,True,0.995,True,0.988,True,96.2,99.4,10.6,99.8,72.8,89.5,govt_ceremony,0.388,eka.mp4,EKA,24.0,9259,640,360,640x360,385.79,6.43,28.62,1.778
eka.mp4,EKA,/content/drive/MyDrive/Phase_3_Video_Analytics/Video_Analytics/outputs/frames/eka/frame_001392.jpg,58,58.0,False,33.571,640,360,84.23,63.3,82.16,766.06,-0.025,42.77,0.0933,0.828,0.505,,0,,,,,no_text,a man is trying to get into a car,1,13,0,0,"{""person"": 13, ""bus"": 1}",0.961,True,0.839,True,0.699,True,0.998,True,0.915,True,0.598,True,0.988,True,1.0,True,0.998,True,0.979,True,0.998,True,0.998,True,0.995,True,0.979,True,96.0,98.7,41.5,99.8,68.6,91.6,govt_ceremony,0.488,eka.mp4,EKA,24.0,9259,640,360,640x360,385.79,6.43,28.62,1.778
eka.mp4,EKA,/content/drive/MyDrive/Phase_3_Video_Analytics/Video_Analytics/outputs/frames/eka/frame_001416.jpg,59,59.0,False,49.45,640,360,76.66,60.6,86.37,962.65,-0.015,45.2,0.0907,0.811,0.496,,0,,,,,no_text,a man kneeling on the floor next to a car,1,12,0,0,"{""bus"": 1, ""person"": 12}",0.814,True,0.55,True,0.505,True,0.934,True,0.988,True,0.853,True,0.988,True,0.992,True,0.992,True,0.987,True,0.995,True,0.996,True,0.938,True,0.983,True,91.7,99.9,24.4,97.5,95.0,87.9,studio_launch,0.478,eka.mp4,EKA,24.0,9259,640,360,640x360,385.79,6.43,28.62,1.778
eka.mp4,EKA,/content/drive/MyDrive/Phase_3_Video_Analytics/Video_Analytics/outputs/frames/eka/frame_001440.jpg,60,60.0,False,48.885,640,360,77.5,62.38,83.26,563.03,0.006,41.34,0.0719,0.854,0.434,,0,,,,,no_text,tesla ' s electric car is seen in this video,0,7,0,0,"{""person"": 7}",0.775,True,0.786,True,0.347,False,0.817,True,0.16,False,0.57,True,0.934,True,0.946,True,0.928,True,0.511,True,0.665,True,0.946,True,0.91,True,0.136,False,75.9,98.5,17.5,98.3,72.0,79.4,studio_launch,0.788,eka.mp4,EKA,24.0,9259,640,360,640x360,385.79,6.43,28.62,1.778
eka.mp4,EKA,/content/drive/MyDrive/Phase_3_Video_Analytics/Video_Analytics/outputs/frames/eka/frame_001464.jpg,61,61.0,False,58.771,640,360,73.05,60.24,84.32,531.79,-0.034,36.15,0.0768,0.883,0.366,,0,,,,,no_text,a man standing next to a car at a show,0,8,0,0,"{""person"": 8}",0.933,True,0.911,True,0.075,False,0.819,True,0.835,True,0.661,True,0.916,True,0.999,True,0.999,True,0.953,True,0.987,True,0.992,True,0.971,True,0.882,True,89.0,97.0,45.1,96.7,85.5,71.9,govt_ceremony,0.546,eka.mp4,EKA,24.0,9259,640,360,640x360,385.79,6.43,28.62,1.778
eka.mp4,EKA,/content/drive/MyDrive/Phase_3_Video_Analytics/Video_Analytics/outputs/frames/eka/frame_001488.jpg,62,62.0,False,51.853,640,360,73.31,64.05,78.18,592.09,-0.037,32.54,0.0794,0.823,0.472,,0,,,,,no_text,a man standing next to a car at a show,1,13,0,1,"{""person"": 13, ""car"": 1, ""bus"": 1}",0.852,True,0.661,True,0.557,True,0.609,True,0.662,True,0.247,False,0.519,True,0.999,True,0.995,True,0.965,True,0.98,True,0.996,True,0.994,True,0.967,True,84.5,90.3,28.5,97.9,91.1,83.8,govt_ceremony,0.379,eka.mp4,EKA,24.0,9259,640,360,640x360,385.79,6.43,28.62,1.778
eka.mp4,EKA,/content/drive/MyDrive/Phase_3_Video_Analytics/Video_Analytics/outputs/frames/eka/frame_001512.jpg,63,63.0,False,54.723,640,360,81.28,67.16,78.05,515.69,-0.066,36.36,0.0806,0.835,0.458,,0,,,,,no_text,a man standing in front of a bus,0,4,0,0,"{""person"": 4}",0.506,True,0.77,True,0.202,False,0.272,False,0.256,False,0.28,False,0.662,True,0.955,True,0.984,True,0.888,True,0.888,True,0.96,True,0.991,True,0.858,True,47.0,99.4,20.3,96.8,67.5,63.0,studio_launch,0.883,eka.mp4,EKA,24.0,9259,640,360,640x360,385.79,6.43,28.62,1.778
eka.mp4,EKA,/content/drive/MyDrive/Phase_3_Video_Analytics/Video_Analytics/outputs/frames/eka/frame_001536.jpg,64,64.0,False,57.144,640,360,91.26,66.49,82.72,508.96,-0.061,44.57,0.0795,0.796,0.499,,0,,,,,no_text,a man standing next to a bus in a showroom,0,2,1,1,"{""truck"": 1, ""car"": 1, ""person"": 2}",0.937,True,0.923,True,0.274,False,0.604,True,0.242,False,0.25,False,0.457,False,0.997,True,0.999,True,0.872,True,0.979,True,0.978,True,0.998,True,0.847,True,81.6,87.0,30.4,97.0,78.8,85.4,studio_launch,0.444,eka.mp4,EKA,24.0,9259,640,360,640x360,385.79,6.43,28.62,1.778
eka.mp4,EKA,/content/drive/MyDrive/Phase_3_Video_Analytics/Video_Analytics/outputs/frames/eka/frame_001560.jpg,65,65.0,True,69.324,640,360,79.44,67.19,76.83,670.41,-0.04,43.31,0.0623,0.793,0.43,,0,,,,,no_text,a man taking a picture of a bus,1,6,0,0,"{""person"": 6, ""bus"": 1}",0.696,True,0.26,False,0.17,False,0.045,False,0.009,False,0.966,True,0.549,True,1.0,True,1.0,True,0.178,False,0.742,True,0.949,True,0.98,True,0.743,True,64.1,91.2,44.8,90.3,56.9,57.1,studio_launch,0.39,eka.mp4,EKA,24.0,9259,640,360,640x360,385.79,6.43,28.62,1.778
eka.mp4,EKA,/content/drive/MyDrive/Phase_3_Video_Analytics/Video_Analytics/outputs/frames/eka/frame_001584.jpg,66,66.0,False,34.762,640,360,80.3,69.72,73.14,519.05,-0.047,40.77,0.0565,0.774,0.406,,0,,,,,no_text,a man is playing a video game on a tv,0,5,0,0,"{""person"": 5}",0.036,False,0.617,True,0.123,False,0.006,False,0.003,False,0.901,True,0.712,True,0.773,True,0.805,True,0.064,False,0.22,False,0.699,True,0.947,True,0.023,False,49.4,95.5,53.9,85.1,65.2,43.3,studio_launch,0.985,eka.mp4,EKA,24.0,9259,640,360,640x360,385.79,6.43,28.62,1.778
eka.mp4,EKA,/content/drive/MyDrive/Phase_3_Video_Analytics/Video_Analytics/outputs/frames/eka/frame_001608.jpg,67,67.0,False,30.953,640,360,85.72,68.04,76.02,541.1,-0.046,47.65,0.063,0.826,0.463,,0,,,,,no_text,a man in a suit is standing next to a bus,0,9,0,0,"{""person"": 9}",0.17,False,0.874,True,0.075,False,0.011,False,0.006,False,0.724,True,0.652,True,0.801,True,0.96,True,0.678,True,0.539,True,0.732,True,0.925,True,0.161,False,43.7,99.3,22.1,86.5,57.5,82.2,studio_launch,0.993,eka.mp4,EKA,24.0,9259,640,360,640x360,385.79,6.43,28.62,1.778
eka.mp4,EKA,/content/drive/MyDrive/Phase_3_Video_Analytics/Video_Analytics/outputs/frames/eka/frame_001632.jpg,68,68.0,False,43.303,640,360,82.11,67.85,74.58,634.22,-0.045,44.07,0.0681,0.833,0.481,,0,,,,,no_text,a man standing next to a bus with a sign,0,6,0,0,"{""person"": 6}",0.2,False,0.562,True,0.263,False,0.187,False,0.128,False,0.972,True,0.651,True,0.921,True,0.979,True,0.958,True,0.895,True,0.976,True,0.991,True,0.662,True,67.5,98.4,15.4,98.7,69.7,83.3,studio_launch,0.946,eka.mp4,EKA,24.0,9259,640,360,640x360,385.79,6.43,28.62,1.778
eka.mp4,EKA,/content/drive/MyDrive/Phase_3_Video_Analytics/Video_Analytics/outputs/frames/eka/frame_001656.jpg,69,69.0,False,49.817,640,360,90.41,70.72,75.02,695.32,-0.014,41.43,0.072,0.854,0.454,,0,,,,,no_text,a man standing in front of a bus,1,5,0,0,"{""person"": 5, ""bus"": 1}",0.88,True,0.679,True,0.294,False,0.53,True,0.149,False,0.763,True,0.2,False,0.977,True,0.999,True,0.865,True,0.991,True,0.988,True,0.997,True,0.947,True,75.4,51.4,23.0,99.1,25.8,86.4,studio_launch,0.362,eka.mp4,EKA,24.0,9259,640,360,640x360,385.79,6.43,28.62,1.778
eka.mp4,EKA,/content/drive/MyDrive/Phase_3_Video_Analytics/Video_Analytics/outputs/frames/eka/frame_001680.jpg,70,70.0,False,48.046,640,360,92.7,70.33,79.56,612.0,-0.002,47.02,0.0688,0.884,0.43,,0,,,,,no_text,a man sitting on the floor next to a bus,1,8,1,0,"{""person"": 8, ""bus"": 1, ""truck"": 1}",0.636,True,0.746,True,0.135,False,0.386,False,0.066,False,0.067,False,0.206,False,0.979,True,1.0,True,0.816,True,0.936,True,0.975,True,0.978,True,0.847,True,69.6,54.0,34.0,98.9,38.4,80.3,studio_launch,0.467,eka.mp4,EKA,24.0,9259,640,360,640x360,385.79,6.43,28.62,1.778
eka.mp4,EKA,/content/drive/MyDrive/Phase_3_Video_Analytics/Video_Analytics/outputs/frames/eka/frame_001704.jpg,71,71.0,False,39.758,640,360,93.71,70.95,81.98,828.35,0.0,52.22,0.0743,0.887,0.44,,0,,,,,no_text,a man standing in front of a bus,0,5,0,0,"{""person"": 5}",0.417,False,0.223,False,0.733,True,0.284,False,0.102,False,0.819,True,0.144,False,0.113,False,0.88,True,0.954,True,0.794,True,0.97,True,0.963,True,0.491,False,74.9,97.9,32.1,99.0,52.2,86.1,studio_launch,0.985,eka.mp4,EKA,24.0,9259,640,360,640x360,385.79,6.43,28.62,1.778
eka.mp4,EKA,/content/drive/MyDrive/Phase_3_Video_Analytics/Video_Analytics/outputs/frames/eka/frame_001728.jpg,72,72.0,False,54.47,640,360,97.07,71.97,82.17,666.27,0.022,53.41,0.0703,0.856,0.427,"ll aes SS
“1 C

| .
UCN (all :",30,0.0,1.0,0.0,0.0,neutral,a man standing in front of a bus,1,4,0,0,"{""person"": 4, ""bus"": 1}",0.169,False,0.142,False,0.44,False,0.111,False,0.095,False,0.323,False,0.095,False,0.598,True,0.941,True,0.916,True,0.861,True,0.931,True,0.962,True,0.801,True,65.5,89.1,51.0,95.1,79.7,82.0,studio_launch,0.953,eka.mp4,EKA,24.0,9259,640,360,640x360,385.79,6.43,28.62,1.778
eka.mp4,EKA,/content/drive/MyDrive/Phase_3_Video_Analytics/Video_Analytics/outputs/frames/eka/frame_001752.jpg,73,73.0,False,39.566,640,360,103.98,73.42,81.26,645.52,0.036,56.58,0.0665,0.836,0.44,"=¢- ad

mil gh y

ly, _",23,0.0,1.0,0.0,0.0,neutral,a man standing in front of a bus,1,4,1,0,"{""person"": 4, ""bus"": 1, ""truck"": 1}",0.967,True,0.961,True,0.502,True,0.839,True,0.191,False,0.642,True,0.504,True,0.999,True,1.0,True,0.865,True,0.987,True,0.985,True,0.999,True,0.935,True,76.3,94.9,34.8,99.9,53.3,84.6,studio_launch,0.576,eka.mp4,EKA,24.0,9259,640,360,640x360,385.79,6.43,28.62,1.778
eka.mp4,EKA,/content/drive/MyDrive/Phase_3_Video_Analytics/Video_Analytics/outputs/frames/eka/frame_001776.jpg,74,74.0,False,37.019,640,360,107.56,75.08,79.36,632.25,0.041,57.36,0.0674,0.834,0.463,"Y

ees EVcV",11,0.0,1.0,0.0,0.0,neutral,a man standing next to a bus in a room,2,3,0,0,"{""person"": 3, ""bus"": 2}",0.741,True,0.56,True,0.45,False,0.744,True,0.15,False,0.439,False,0.271,False,0.981,True,0.997,True,0.805,True,0.826,True,0.984,True,0.993,True,0.444,False,86.1,81.5,31.3,99.6,67.9,72.8,studio_launch,0.851,eka.mp4,EKA,24.0,9259,640,360,640x360,385.79,6.43,28.62,1.778
eka.mp4,EKA,/content/drive/MyDrive/Phase_3_Video_Analytics/Video_Analytics/outputs/frames/eka/frame_001800.jpg,75,75.0,False,33.466,640,360,105.09,77.12,78.03,586.45,0.033,55.28,0.067,0.826,0.441,,0,,,,,no_text,a man standing in front of a bus,0,6,0,0,"{""person"": 6}",0.599,True,0.793,True,0.25,False,0.187,False,0.113,False,0.202,False,0.344,False,0.99,True,0.998,True,0.827,True,0.954,True,0.939,True,0.985,True,0.858,True,59.2,87.4,42.2,99.0,83.0,49.3,studio_launch,0.781,eka.mp4,EKA,24.0,9259,640,360,640x360,385.79,6.43,28.62,1.778
eka.mp4,EKA,/content/drive/MyDrive/Phase_3_Video_Analytics/Video_Analytics/outputs/frames/eka/frame_001824.jpg,76,76.0,False,29.526,640,360,111.5,76.53,80.33,601.29,0.037,57.15,0.0717,0.829,0.494,"es. 1 fh «ey = _ al
1-)g

er natal]

Sa",39,0.0,1.0,0.0,0.0,neutral,a man standing in front of a bus,1,7,0,0,"{""person"": 7, ""bus"": 1}",0.852,True,0.965,True,0.185,False,0.319,False,0.091,False,0.107,False,0.488,False,0.999,True,1.0,True,0.745,True,0.986,True,0.968,True,0.986,True,0.968,True,78.0,94.3,53.9,99.8,82.6,80.7,depot_yard,0.495,eka.mp4,EKA,24.0,9259,640,360,640x360,385.79,6.43,28.62,1.778
eka.mp4,EKA,/content/drive/MyDrive/Phase_3_Video_Analytics/Video_Analytics/outputs/frames/eka/frame_001848.jpg,77,77.0,False,36.131,640,360,115.47,78.33,78.98,828.15,0.041,59.24,0.0758,0.799,0.479,"eh
4-1 e

Se RTA at]",20,0.0,1.0,0.0,0.0,neutral,a man standing in front of a bus,1,7,0,0,"{""person"": 7, ""bus"": 1}",0.927,True,0.845,True,0.367,False,0.772,True,0.438,False,0.736,True,0.716,True,0.949,True,0.994,True,0.935,True,0.995,True,0.988,True,0.991,True,0.905,True,79.0,98.2,24.2,99.4,76.4,80.3,studio_launch,0.91,eka.mp4,EKA,24.0,9259,640,360,640x360,385.79,6.43,28.62,1.778
eka.mp4,EKA,/content/drive/MyDrive/Phase_3_Video_Analytics/Video_Analytics/outputs/frames/eka/frame_001872.jpg,78,78.0,False,45.057,640,360,112.94,78.14,80.25,622.53,0.027,55.98,0.0703,0.789,0.463,,0,,,,,no_text,a man standing in front of a bus,0,9,0,0,"{""person"": 9}",0.613,True,0.784,True,0.432,False,0.148,False,0.147,False,0.469,False,0.665,True,0.754,True,0.963,True,0.894,True,0.941,True,0.968,True,0.986,True,0.728,True,74.0,96.1,26.5,98.4,81.2,59.3,studio_launch,0.968,eka.mp4,EKA,24.0,9259,640,360,640x360,385.79,6.43,28.62,1.778
eka.mp4,EKA,/content/drive/MyDrive/Phase_3_Video_Analytics/Video_Analytics/outputs/frames/eka/frame_001896.jpg,79,79.0,False,47.335,640,360,116.2,75.68,79.83,555.62,0.045,61.65,0.0638,0.772,0.427,,0,,,,,no_text,a man standing in front of a bus,2,8,0,0,"{""person"": 8, ""bus"": 2}",0.919,True,0.992,True,0.137,False,0.73,True,0.076,False,0.446,False,0.896,True,0.999,True,0.999,True,0.528,True,0.98,True,0.945,True,0.997,True,0.524,True,58.1,95.9,42.1,99.9,35.6,72.8,studio_launch,0.865,eka.mp4,EKA,24.0,9259,640,360,640x360,385.79,6.43,28.62,1.778
eka.mp4,EKA,/content/drive/MyDrive/Phase_3_Video_Analytics/Video_Analytics/outputs/frames/eka/frame_001920.jpg,80,80.0,False,49.038,640,360,104.76,72.59,81.17,547.72,0.037,58.01,0.0596,0.793,0.352,,0,,,,,no_text,a man standing next to a bus in a room,2,4,0,0,"{""bus"": 2, ""person"": 4}",0.791,True,0.965,True,0.122,False,0.141,False,0.004,False,0.686,True,0.564,True,1.0,True,0.999,True,0.099,False,0.667,True,0.879,True,0.985,True,0.242,False,46.2,92.9,44.7,99.1,67.3,27.1,studio_launch,0.706,eka.mp4,EKA,24.0,9259,640,360,640x360,385.79,6.43,28.62,1.778
eka.mp4,EKA,/content/drive/MyDrive/Phase_3_Video_Analytics/Video_Analytics/outputs/frames/eka/frame_001944.jpg,81,81.0,False,63.716,640,360,78.8,62.8,81.8,593.88,-0.019,42.1,0.0573,0.884,0.367,,0,,,,,no_text,a man is getting on the bus to get into the room,1,1,1,0,"{""bus"": 1, ""person"": 1, ""truck"": 1}",0.396,False,0.259,False,0.111,False,0.358,False,0.009,False,0.926,True,0.538,True,1.0,True,1.0,True,0.232,False,0.945,True,0.975,True,0.991,True,0.431,False,71.8,82.2,23.3,98.2,41.1,87.6,studio_launch,0.576,eka.mp4,EKA,24.0,9259,640,360,640x360,385.79,6.43,28.62,1.778
eka.mp4,EKA,/content/drive/MyDrive/Phase_3_Video_Analytics/Video_Analytics/outputs/frames/eka/frame_001968.jpg,82,82.0,False,50.75,640,360,70.72,61.83,92.71,464.92,-0.026,45.49,0.0465,0.877,0.495,"~~ 3 ‘ 1
an
[alm “li
(425",25,0.0,1.0,0.0,0.0,neutral,a man is getting a bus with a bottle,0,1,0,0,"{""person"": 1}",0.387,False,0.312,False,0.204,False,0.029,False,0.001,False,0.642,True,0.505,True,0.997,True,0.998,True,0.022,False,0.407,False,0.866,True,0.972,True,0.096,False,41.1,63.9,38.2,69.6,62.9,53.2,studio_launch,0.691,eka.mp4,EKA,24.0,9259,640,360,640x360,385.79,6.43,28.62,1.778
eka.mp4,EKA,/content/drive/MyDrive/Phase_3_Video_Analytics/Video_Analytics/outputs/frames/eka/frame_001992.jpg,83,83.0,False,50.458,640,360,69.04,58.67,83.71,560.23,0.008,41.3,0.0505,0.865,0.448,,0,,,,,no_text,a man getting off the bus at the airport,0,5,1,0,"{""person"": 5, ""truck"": 1}",0.533,True,0.362,False,0.373,False,0.086,False,0.413,False,0.911,True,0.613,True,1.0,True,0.999,True,0.626,True,0.987,True,0.988,True,0.962,True,0.972,True,79.0,93.3,34.1,38.3,87.5,86.3,studio_launch,0.866,eka.mp4,EKA,24.0,9259,640,360,640x360,385.79,6.43,28.62,1.778
eka.mp4,EKA,/content/drive/MyDrive/Phase_3_Video_Analytics/Video_Analytics/outputs/frames/eka/frame_002016.jpg,84,84.0,False,47.313,640,360,71.69,65.08,77.87,502.11,0.026,44.9,0.0577,0.865,0.514,,0,,,,,no_text,a man is talking on the phone,0,3,0,0,"{""person"": 3}",0.181,False,0.921,True,0.035,False,0.059,False,0.048,False,0.074,False,0.728,True,1.0,True,0.997,True,0.225,False,0.938,True,0.922,True,0.982,True,0.519,True,78.6,39.8,78.6,82.5,98.4,78.1,govt_ceremony,0.592,eka.mp4,EKA,24.0,9259,640,360,640x360,385.79,6.43,28.62,1.778
eka.mp4,EKA,/content/drive/MyDrive/Phase_3_Video_Analytics/Video_Analytics/outputs/frames/eka/frame_002040.jpg,85,85.0,False,46.686,640,360,73.81,61.29,84.35,414.31,0.003,48.53,0.0575,0.797,0.527,,0,,,,,no_text,a man in a black jacket and glasses is sitting on a chair,0,4,0,0,"{""person"": 4}",0.853,True,0.978,True,0.04,False,0.234,False,0.036,False,0.173,False,0.732,True,0.997,True,0.997,True,0.312,False,0.935,True,0.956,True,0.973,True,0.364,False,56.4,91.1,63.0,96.6,92.7,68.6,studio_launch,0.879,eka.mp4,EKA,24.0,9259,640,360,640x360,385.79,6.43,28.62,1.778
eka.mp4,EKA,/content/drive/MyDrive/Phase_3_Video_Analytics/Video_Analytics/outputs/frames/eka/frame_002064.jpg,86,86.0,True,69.11,640,360,109.02,66.2,102.84,646.15,0.021,63.09,0.0902,0.803,0.566,,0,,,,,no_text,a bus is parked in a room with people,0,4,0,0,"{""person"": 4}",0.85,True,0.98,True,0.099,False,0.571,True,0.159,False,0.076,False,0.913,True,1.0,True,1.0,True,0.646,True,0.936,True,0.906,True,0.979,True,0.513,True,70.2,99.3,33.1,99.3,59.2,48.6,studio_launch,0.563,eka.mp4,EKA,24.0,9259,640,360,640x360,385.79,6.43,28.62,1.778
eka.mp4,EKA,/content/drive/MyDrive/Phase_3_Video_Analytics/Video_Analytics/outputs/frames/eka/frame_002088.jpg,87,87.0,False,55.448,640,360,126.32,72.37,79.56,796.28,0.028,48.01,0.0915,0.903,0.588,"Sek. <r
) « ; i",15,0.0,1.0,0.0,0.0,neutral,a man standing next to a bus in a building,0,1,0,0,"{""person"": 1}",0.879,True,0.915,True,0.143,False,0.992,True,0.256,False,0.332,False,0.806,True,1.0,True,1.0,True,0.956,True,0.994,True,0.995,True,0.89,True,0.947,True,87.9,97.9,55.2,99.9,89.8,64.6,depot_yard,0.786,eka.mp4,EKA,24.0,9259,640,360,640x360,385.79,6.43,28.62,1.778
eka.mp4,EKA,/content/drive/MyDrive/Phase_3_Video_Analytics/Video_Analytics/outputs/frames/eka/frame_002112.jpg,88,88.0,False,43.877,640,360,123.43,73.19,80.87,748.19,0.037,48.79,0.0858,0.878,0.555,,0,,,,,no_text,a man standing next to a bus with a sign on it,0,2,0,0,"{""person"": 2}",0.99,True,0.984,True,0.177,False,0.997,True,0.352,False,0.378,False,0.844,True,1.0,True,1.0,True,0.978,True,0.997,True,0.998,True,0.99,True,0.978,True,87.8,98.2,26.3,100.0,82.4,79.5,depot_yard,0.318,eka.mp4,EKA,24.0,9259,640,360,640x360,385.79,6.43,28.62,1.778
eka.mp4,EKA,/content/drive/MyDrive/Phase_3_Video_Analytics/Video_Analytics/outputs/frames/eka/frame_002136.jpg,89,89.0,False,50.299,640,360,117.38,73.58,82.19,906.14,0.033,48.47,0.0836,0.841,0.519,,0,,,,,no_text,a man standing next to a bus with the words ek,1,1,0,0,"{""bus"": 1, ""person"": 1}",0.905,True,0.742,True,0.821,True,0.994,True,0.782,True,0.771,True,0.798,True,0.998,True,0.999,True,0.966,True,0.997,True,0.999,True,0.949,True,0.985,True,93.8,98.4,18.1,99.9,84.6,88.2,studio_launch,0.368,eka.mp4,EKA,24.0,9259,640,360,640x360,385.79,6.43,28.62,1.778
eka.mp4,EKA,/content/drive/MyDrive/Phase_3_Video_Analytics/Video_Analytics/outputs/frames/eka/frame_002160.jpg,90,90.0,False,55.379,640,360,108.37,72.65,79.47,841.91,0.012,43.54,0.0773,0.851,0.523,,0,,,,,no_text,a man standing next to a bus with the words e - phat,1,2,0,0,"{""bus"": 1, ""person"": 2}",0.927,True,0.89,True,0.337,False,0.932,True,0.128,False,0.623,True,0.653,True,1.0,True,1.0,True,0.969,True,0.963,True,0.996,True,0.921,True,0.914,True,88.7,97.3,42.0,99.7,81.5,86.3,studio_launch,0.505,eka.mp4,EKA,24.0,9259,640,360,640x360,385.79,6.43,28.62,1.778
eka.mp4,EKA,/content/drive/MyDrive/Phase_3_Video_Analytics/Video_Analytics/outputs/frames/eka/frame_002184.jpg,91,91.0,False,49.123,640,360,104.93,75.45,73.92,796.19,-0.008,41.32,0.0635,0.908,0.5,,0,,,,,no_text,a man standing next to a bus with the words e - sha,1,1,0,0,"{""bus"": 1, ""person"": 1}",0.879,True,0.917,True,0.551,True,0.741,True,0.383,False,0.556,True,0.643,True,1.0,True,1.0,True,0.991,True,0.988,True,0.998,True,0.975,True,0.984,True,93.0,98.1,51.7,99.8,89.2,85.1,govt_ceremony,0.425,eka.mp4,EKA,24.0,9259,640,360,640x360,385.79,6.43,28.62,1.778
eka.mp4,EKA,/content/drive/MyDrive/Phase_3_Video_Analytics/Video_Analytics/outputs/frames/eka/frame_002208.jpg,92,92.0,False,59.892,640,360,95.57,74.3,78.17,606.25,-0.007,43.64,0.0519,0.909,0.511,,0,,,,,no_text,a man standing in front of a bus,0,1,0,0,"{""person"": 1}",0.841,True,0.895,True,0.526,True,0.438,False,0.114,False,0.344,False,0.416,False,0.978,True,0.99,True,0.902,True,0.825,True,0.986,True,0.955,True,0.659,True,64.0,98.0,44.2,99.7,96.0,64.2,studio_launch,0.838,eka.mp4,EKA,24.0,9259,640,360,640x360,385.79,6.43,28.62,1.778
eka.mp4,EKA,/content/drive/MyDrive/Phase_3_Video_Analytics/Video_Analytics/outputs/frames/eka/frame_002232.jpg,93,93.0,False,59.96,640,360,98.09,76.55,73.88,719.43,-0.008,40.66,0.0546,0.921,0.562,,0,,,,,no_text,a man standing in front of a bus,0,1,0,0,"{""person"": 1}",0.344,False,0.245,False,0.087,False,0.134,False,0.075,False,0.15,False,0.107,False,0.912,True,0.939,True,0.866,True,0.925,True,0.962,True,0.97,True,0.803,True,67.8,85.3,54.1,97.7,84.4,75.7,studio_launch,0.638,eka.mp4,EKA,24.0,9259,640,360,640x360,385.79,6.43,28.62,1.778
eka.mp4,EKA,/content/drive/MyDrive/Phase_3_Video_Analytics/Video_Analytics/outputs/frames/eka/frame_002256.jpg,94,94.0,False,54.994,640,360,100.77,76.97,73.7,756.08,-0.008,41.88,0.058,0.964,0.537,"arate a!

“4 2Ke

© \TKIEVC

hy ote",35,0.0,1.0,0.0,0.0,neutral,a man standing in front of a bus,0,1,0,0,"{""person"": 1}",0.047,False,0.185,False,0.134,False,0.034,False,0.068,False,0.157,False,0.268,False,0.512,True,0.948,True,0.895,True,0.804,True,0.87,True,0.91,True,0.585,True,60.7,88.1,56.3,95.4,88.7,85.6,studio_launch,0.978,eka.mp4,EKA,24.0,9259,640,360,640x360,385.79,6.43,28.62,1.778
eka.mp4,EKA,/content/drive/MyDrive/Phase_3_Video_Analytics/Video_Analytics/outputs/frames/eka/frame_002280.jpg,95,95.0,False,52.543,640,360,104.67,77.38,74.67,814.65,-0.008,45.14,0.0646,0.949,0.579,"\ Po

= sa rd =",15,0.419,0.581,0.0,-0.5574,negative,a man standing in front of a bus,0,1,0,0,"{""person"": 1}",0.026,False,0.093,False,0.224,False,0.077,False,0.93,True,0.387,False,0.247,False,0.854,True,0.895,True,0.983,True,0.722,True,0.976,True,0.887,True,0.93,True,92.2,82.3,40.8,94.9,91.7,91.5,studio_launch,0.794,eka.mp4,EKA,24.0,9259,640,360,640x360,385.79,6.43,28.62,1.778
eka.mp4,EKA,/content/drive/MyDrive/Phase_3_Video_Analytics/Video_Analytics/outputs/frames/eka/frame_002304.jpg,96,96.0,False,49.494,640,360,105.18,77.77,73.07,722.3,-0.0,43.76,0.063,0.907,0.517,,0,,,,,no_text,a man standing next to a bus with a sign on it,0,3,0,0,"{""person"": 3}",0.712,True,0.956,True,0.068,False,0.667,True,0.167,False,0.234,False,0.859,True,0.999,True,1.0,True,0.94,True,0.986,True,0.994,True,0.955,True,0.933,True,70.3,97.9,48.2,99.5,77.3,77.2,studio_launch,0.714,eka.mp4,EKA,24.0,9259,640,360,640x360,385.79,6.43,28.62,1.778
eka.mp4,EKA,/content/drive/MyDrive/Phase_3_Video_Analytics/Video_Analytics/outputs/frames/eka/frame_002328.jpg,97,97.0,False,54.962,640,360,110.58,77.95,72.82,797.56,0.01,44.69,0.0723,0.948,0.539,"= ed a ~ ea
5 i + Sa

   

cA",29,0.0,1.0,0.0,0.0,neutral,a man standing in front of a bus,1,3,0,0,"{""person"": 3, ""bus"": 1}",0.262,False,0.356,False,0.636,True,0.678,True,0.268,False,0.268,False,0.548,True,0.445,False,0.902,True,0.99,True,0.831,True,0.995,True,0.944,True,0.754,True,86.8,96.8,37.8,99.8,82.1,74.2,studio_launch,0.971,eka.mp4,EKA,24.0,9259,640,360,640x360,385.79,6.43,28.62,1.778
eka.mp4,EKA,/content/drive/MyDrive/Phase_3_Video_Analytics/Video_Analytics/outputs/frames/eka/frame_002352.jpg,98,98.0,False,51.585,640,360,112.88,76.59,73.49,818.56,0.024,46.87,0.0774,0.927,0.522,,0,,,,,no_text,a man standing in front of a bus,1,3,0,0,"{""person"": 3, ""bus"": 1}",0.974,True,0.99,True,0.695,True,0.983,True,0.61,True,0.424,False,0.819,True,0.998,True,0.999,True,0.991,True,0.989,True,0.999,True,0.972,True,0.961,True,85.1,99.8,37.0,100.0,77.9,84.7,studio_launch,0.761,eka.mp4,EKA,24.0,9259,640,360,640x360,385.79,6.43,28.62,1.778
eka.mp4,EKA,/content/drive/MyDrive/Phase_3_Video_Analytics/Video_Analytics/outputs/frames/eka/frame_002376.jpg,99,99.0,False,49.233,640,360,113.89,74.92,77.67,816.59,0.046,49.44,0.0915,0.88,0.504,,0,,,,,no_text,a man standing in front of a bus,1,3,0,0,"{""person"": 3, ""bus"": 1}",0.95,True,0.965,True,0.266,False,0.914,True,0.066,False,0.461,False,0.538,True,1.0,True,1.0,True,0.951,True,0.996,True,0.998,True,0.972,True,0.947,True,84.2,98.5,43.5,99.9,67.6,66.6,studio_launch,0.454,eka.mp4,EKA,24.0,9259,640,360,640x360,385.79,6.43,28.62,1.778
eka.mp4,EKA,/content/drive/MyDrive/Phase_3_Video_Analytics/Video_Analytics/outputs/frames/eka/frame_002400.jpg,100,100.0,False,30.763,640,360,113.8,74.54,78.13,840.87,0.048,49.72,0.0945,0.874,0.516,,0,,,,,no_text,a man standing in front of a bus,1,2,0,0,"{""bus"": 1, ""person"": 2}",0.93,True,0.829,True,0.51,True,0.986,True,0.317,False,0.518,True,0.619,True,0.998,True,0.999,True,0.983,True,0.997,True,0.998,True,0.987,True,0.984,True,90.6,98.1,31.9,100.0,67.9,81.6,depot_yard,0.427,eka.mp4,EKA,24.0,9259,640,360,640x360,385.79,6.43,28.62,1.778
eka.mp4,EKA,/content/drive/MyDrive/Phase_3_Video_Analytics/Video_Analytics/outputs/frames/eka/frame_002424.jpg,101,101.0,False,44.694,640,360,115.24,74.71,78.63,1021.86,0.04,51.15,0.0922,0.895,0.521,,0,,,,,no_text,a man standing in front of a bus,1,2,0,0,"{""person"": 2, ""bus"": 1}",0.87,True,0.857,True,0.689,True,0.874,True,0.819,True,0.378,False,0.398,False,0.999,True,1.0,True,0.99,True,0.992,True,0.999,True,0.96,True,0.983,True,95.2,99.2,46.7,99.9,86.0,82.9,studio_launch,0.448,eka.mp4,EKA,24.0,9259,640,360,640x360,385.79,6.43,28.62,1.778
eka.mp4,EKA,/content/drive/MyDrive/Phase_3_Video_Analytics/Video_Analytics/outputs/frames/eka/frame_002448.jpg,102,102.0,False,29.682,640,360,114.82,75.39,75.56,806.61,0.036,49.66,0.0818,0.902,0.51,s eT,4,0.0,1.0,0.0,0.0,neutral,a man standing in front of a bus,1,1,0,0,"{""bus"": 1, ""person"": 1}",0.725,True,0.941,True,0.231,False,0.923,True,0.53,True,0.253,False,0.495,False,0.996,True,0.999,True,0.972,True,0.973,True,0.994,True,0.957,True,0.943,True,83.1,99.5,27.9,100.0,73.2,82.5,studio_launch,0.805,eka.mp4,EKA,24.0,9259,640,360,640x360,385.79,6.43,28.62,1.778
eka.mp4,EKA,/content/drive/MyDrive/Phase_3_Video_Analytics/Video_Analytics/outputs/frames/eka/frame_002472.jpg,103,103.0,False,36.401,640,360,113.06,76.23,74.79,782.75,0.036,48.63,0.0794,0.908,0.51,,0,,,,,no_text,a man standing in front of a bus,1,1,0,0,"{""bus"": 1, ""person"": 1}",0.981,True,0.978,True,0.512,True,0.994,True,0.461,False,0.413,False,0.786,True,0.998,True,0.999,True,0.991,True,0.993,True,0.999,True,0.993,True,0.973,True,90.8,99.8,25.5,100.0,71.1,82.2,studio_launch,0.591,eka.mp4,EKA,24.0,9259,640,360,640x360,385.79,6.43,28.62,1.778
eka.mp4,EKA,/content/drive/MyDrive/Phase_3_Video_Analytics/Video_Analytics/outputs/frames/eka/frame_002496.jpg,104,104.0,False,46.479,640,360,111.85,76.03,78.24,696.53,0.043,50.33,0.0804,0.881,0.518,,0,,,,,no_text,a man standing in front of a bus,1,1,0,0,"{""bus"": 1, ""person"": 1}",0.903,True,0.923,True,0.462,False,0.938,True,0.209,False,0.223,False,0.493,False,0.994,True,0.999,True,0.972,True,0.99,True,0.995,True,0.99,True,0.954,True,86.6,99.1,34.7,100.0,59.2,80.1,studio_launch,0.803,eka.mp4,EKA,24.0,9259,640,360,640x360,385.79,6.43,28.62,1.778
eka.mp4,EKA,/content/drive/MyDrive/Phase_3_Video_Analytics/Video_Analytics/outputs/frames/eka/frame_002520.jpg,105,105.0,False,43.776,640,360,109.7,76.56,78.01,716.04,0.04,50.66,0.0758,0.924,0.499,,0,,,,,no_text,a man standing in front of a bus,1,1,0,0,"{""bus"": 1, ""person"": 1}",0.839,True,0.933,True,0.242,False,0.752,True,0.223,False,0.172,False,0.384,False,0.992,True,0.998,True,0.975,True,0.993,True,0.994,True,0.979,True,0.948,True,90.5,97.7,61.9,99.8,82.4,75.5,studio_launch,0.871,eka.mp4,EKA,24.0,9259,640,360,640x360,385.79,6.43,28.62,1.778
eka.mp4,EKA,/content/drive/MyDrive/Phase_3_Video_Analytics/Video_Analytics/outputs/frames/eka/frame_002544.jpg,106,106.0,False,41.768,640,360,102.84,75.39,80.62,953.88,0.033,45.62,0.0888,0.897,0.499,"bt T 4

360k",12,0.0,1.0,0.0,0.0,neutral,a man standing in front of a bus,1,1,0,0,"{""bus"": 1, ""person"": 1}",0.855,True,0.881,True,0.865,True,0.352,False,0.146,False,0.084,False,0.313,False,0.773,True,0.99,True,0.951,True,0.978,True,0.989,True,0.978,True,0.845,True,78.2,99.2,58.4,99.7,63.0,64.2,studio_launch,0.886,eka.mp4,EKA,24.0,9259,640,360,640x360,385.79,6.43,28.62,1.778
eka.mp4,EKA,/content/drive/MyDrive/Phase_3_Video_Analytics/Video_Analytics/outputs/frames/eka/frame_002568.jpg,107,107.0,False,50.896,640,360,104.12,74.2,83.74,1114.2,0.049,48.77,0.1007,0.856,0.486,,0,,,,,no_text,a man standing in front of a bus,1,1,0,0,"{""bus"": 1, ""person"": 1}",0.828,True,0.412,False,0.95,True,0.863,True,0.846,True,0.287,False,0.489,False,0.93,True,0.998,True,0.994,True,0.99,True,0.997,True,0.998,True,0.994,True,92.8,96.8,38.7,99.8,73.9,84.6,depot_yard,0.376,eka.mp4,EKA,24.0,9259,640,360,640x360,385.79,6.43,28.62,1.778
eka.mp4,EKA,/content/drive/MyDrive/Phase_3_Video_Analytics/Video_Analytics/outputs/frames/eka/frame_002592.jpg,108,108.0,False,42.458,640,360,105.03,72.55,86.25,991.26,0.053,49.01,0.1028,0.84,0.523,,0,,,,,no_text,a man standing in front of a bus,1,1,0,0,"{""bus"": 1, ""person"": 1}",0.544,True,0.653,True,0.91,True,0.808,True,0.284,False,0.183,False,0.752,True,0.99,True,0.991,True,0.967,True,0.994,True,0.992,True,0.944,True,0.927,True,83.8,99.1,71.1,99.8,87.2,75.5,studio_launch,0.77,eka.mp4,EKA,24.0,9259,640,360,640x360,385.79,6.43,28.62,1.778
eka.mp4,EKA,/content/drive/MyDrive/Phase_3_Video_Analytics/Video_Analytics/outputs/frames/eka/frame_002616.jpg,109,109.0,False,35.086,640,360,115.12,74.64,84.83,703.66,0.06,51.99,0.0925,0.829,0.55,"Qu =
fi a a
{ ee '
me Ps SS —
]
Ra Sai

NS 4

Ed

 

|
|",56,0.0,1.0,0.0,0.0,neutral,a man standing in front of a bus,1,1,0,0,"{""person"": 1, ""bus"": 1}",0.92,True,0.921,True,0.799,True,0.938,True,0.394,False,0.524,True,0.785,True,1.0,True,1.0,True,0.986,True,0.995,True,0.998,True,0.988,True,0.973,True,87.8,99.4,31.2,100.0,87.9,86.1,depot_yard,0.491,eka.mp4,EKA,24.0,9259,640,360,640x360,385.79,6.43,28.62,1.778
eka.mp4,EKA,/content/drive/MyDrive/Phase_3_Video_Analytics/Video_Analytics/outputs/frames/eka/frame_002640.jpg,110,110.0,False,24.487,640,360,113.6,74.62,83.99,734.63,0.058,51.16,0.0933,0.845,0.55,,0,,,,,no_text,a man standing in front of a bus,2,1,0,0,"{""bus"": 2, ""person"": 1}",0.883,True,0.95,True,0.453,False,0.777,True,0.365,False,0.485,False,0.724,True,1.0,True,1.0,True,0.993,True,0.986,True,0.998,True,0.99,True,0.971,True,84.1,98.7,41.6,100.0,94.9,85.6,depot_yard,0.454,eka.mp4,EKA,24.0,9259,640,360,640x360,385.79,6.43,28.62,1.778
eka.mp4,EKA,/content/drive/MyDrive/Phase_3_Video_Analytics/Video_Analytics/outputs/frames/eka/frame_002664.jpg,111,111.0,False,21.341,640,360,115.82,74.36,83.44,712.41,0.054,51.14,0.0945,0.855,0.56,,0,,,,,no_text,a man standing in front of a bus,2,1,0,0,"{""bus"": 2, ""person"": 1}",0.916,True,0.932,True,0.274,False,0.871,True,0.199,False,0.484,False,0.692,True,1.0,True,1.0,True,0.956,True,0.971,True,0.996,True,0.966,True,0.835,True,75.5,98.3,21.9,99.9,84.7,70.5,studio_launch,0.616,eka.mp4,EKA,24.0,9259,640,360,640x360,385.79,6.43,28.62,1.778
eka.mp4,EKA,/content/drive/MyDrive/Phase_3_Video_Analytics/Video_Analytics/outputs/frames/eka/frame_002688.jpg,112,112.0,False,28.01,640,360,115.98,73.4,82.22,690.46,0.052,51.77,0.0896,0.849,0.529,,0,,,,,no_text,a man standing in front of a bus,0,1,0,0,"{""person"": 1}",0.851,True,0.937,True,0.308,False,0.832,True,0.357,False,0.45,False,0.729,True,1.0,True,1.0,True,0.968,True,0.916,True,0.996,True,0.976,True,0.939,True,83.9,97.9,36.4,99.9,85.5,73.0,studio_launch,0.544,eka.mp4,EKA,24.0,9259,640,360,640x360,385.79,6.43,28.62,1.778
eka.mp4,EKA,/content/drive/MyDrive/Phase_3_Video_Analytics/Video_Analytics/outputs/frames/eka/frame_002712.jpg,113,113.0,False,36.222,640,360,113.48,72.16,88.09,960.47,0.054,53.97,0.099,0.811,0.525,,0,,,,,no_text,a man standing in front of a bus,0,1,0,0,"{""person"": 1}",0.949,True,0.936,True,0.814,True,0.944,True,0.904,True,0.585,True,0.433,False,1.0,True,1.0,True,0.98,True,0.997,True,0.996,True,0.995,True,0.993,True,94.4,99.5,49.4,99.9,97.7,93.2,depot_yard,0.65,eka.mp4,EKA,24.0,9259,640,360,640x360,385.79,6.43,28.62,1.778
eka.mp4,EKA,/content/drive/MyDrive/Phase_3_Video_Analytics/Video_Analytics/outputs/frames/eka/frame_002736.jpg,114,114.0,False,34.56,640,360,111.79,70.89,89.58,753.49,0.054,53.88,0.0924,0.799,0.502,,0,,,,,no_text,a man standing next to a bus in a room,0,1,0,0,"{""person"": 1}",0.776,True,0.829,True,0.291,False,0.838,True,0.399,False,0.242,False,0.399,False,1.0,True,1.0,True,0.981,True,0.991,True,0.993,True,0.969,True,0.96,True,87.3,98.8,54.8,99.6,89.7,92.0,studio_launch,0.588,eka.mp4,EKA,24.0,9259,640,360,640x360,385.79,6.43,28.62,1.778
eka.mp4,EKA,/content/drive/MyDrive/Phase_3_Video_Analytics/Video_Analytics/outputs/frames/eka/frame_002760.jpg,115,115.0,False,41.836,640,360,108.52,68.57,96.68,655.65,0.056,56.99,0.091,0.77,0.527,,0,,,,,no_text,a man standing next to a bus in a building,0,1,0,0,"{""person"": 1}",0.508,True,0.782,True,0.114,False,0.608,True,0.105,False,0.138,False,0.157,False,1.0,True,1.0,True,0.93,True,0.958,True,0.977,True,0.971,True,0.941,True,85.6,96.0,48.8,99.4,74.6,59.0,studio_launch,0.523,eka.mp4,EKA,24.0,9259,640,360,640x360,385.79,6.43,28.62,1.778
eka.mp4,EKA,/content/drive/MyDrive/Phase_3_Video_Analytics/Video_Analytics/outputs/frames/eka/frame_002784.jpg,116,116.0,False,59.78,640,360,101.8,53.26,98.64,89.97,0.003,59.72,0.0078,0.701,0.573,,0,,,,,no_text,a man is seen in the middle of a train,0,0,0,0,{},0.458,False,0.217,False,0.025,False,0.036,False,0.037,False,0.19,False,0.582,True,1.0,True,0.996,True,0.535,True,0.808,True,0.714,True,0.698,True,0.862,True,54.6,13.8,18.6,13.7,82.5,1.1,depot_yard,0.724,eka.mp4,EKA,24.0,9259,640,360,640x360,385.79,6.43,28.62,1.778
eka.mp4,EKA,/content/drive/MyDrive/Phase_3_Video_Analytics/Video_Analytics/outputs/frames/eka/frame_002808.jpg,117,117.0,False,28.592,640,360,103.81,69.69,114.38,487.75,0.01,68.83,0.0541,0.806,0.591,,0,,,,,no_text,a man is fixing the tire on a bus,0,1,0,0,"{""traffic light"": 1, ""person"": 1}",0.53,True,0.71,True,0.033,False,0.169,False,0.049,False,0.188,False,0.483,False,1.0,True,1.0,True,0.473,False,0.764,True,0.985,True,0.886,True,0.721,True,68.2,96.4,3.9,96.2,76.7,46.0,depot_yard,0.495,eka.mp4,EKA,24.0,9259,640,360,640x360,385.79,6.43,28.62,1.778
eka.mp4,EKA,/content/drive/MyDrive/Phase_3_Video_Analytics/Video_Analytics/outputs/frames/eka/frame_002832.jpg,118,118.0,False,25.29,640,360,105.8,70.69,115.49,601.75,0.02,71.65,0.0537,0.76,0.647,,0,,,,,no_text,a man is fixing the tire on a bus,0,1,1,0,"{""truck"": 1, ""person"": 1}",0.546,True,0.724,True,0.064,False,0.471,False,0.039,False,0.169,False,0.419,False,1.0,True,1.0,True,0.506,True,0.695,True,0.954,True,0.863,True,0.535,True,65.2,95.0,4.0,98.9,46.4,88.7,depot_yard,0.848,eka.mp4,EKA,24.0,9259,640,360,640x360,385.79,6.43,28.62,1.778
eka.mp4,EKA,/content/drive/MyDrive/Phase_3_Video_Analytics/Video_Analytics/outputs/frames/eka/frame_002856.jpg,119,119.0,False,51.049,640,360,103.9,71.27,118.09,691.2,0.05,75.86,0.0476,0.763,0.597,,0,,,,,no_text,a man is fixing a bus tire,0,1,1,0,"{""truck"": 1, ""person"": 1}",0.111,False,0.301,False,0.097,False,0.192,False,0.238,False,0.474,False,0.546,True,1.0,True,1.0,True,0.659,True,0.664,True,0.98,True,0.767,True,0.692,True,80.7,95.2,5.6,87.1,83.8,90.1,depot_yard,0.605,eka.mp4,EKA,24.0,9259,640,360,640x360,385.79,6.43,28.62,1.778
